"event_time","ename","DTW_id","cluster","t12","t13","t14","t15","t16","t17","t18","t19","t20","t21","t22","t23","t24","t25","t26","t27","t28","t29","t30","t31","t32","t33","t34","t35","t36","t37","t38","t39","t40","t41","t42","t43","t44","t45","t46","t47","t48","t49","t50","t51","t52","t53","t54","t55","t56","t57","t58","t59","t60","t61","t62","t63","t64","t65","t66","t67","t68","t69","t70","t71","t72","t73","t74","t75","t76","t77","t78","t79","t80","t81","t82","t83","t84","t85","t86","t87","t88","t89","t90","t91","t92","t93","t94","t95","t96","t97","t98","t99","t100","t101","t102","t103","t104","t105","t106","t107","t108","t109","t110","t111","t112","t113","t114","t115","t116","t117","t118","t119","t120","t121","t122","t123","t124","t125","t126","t127","t128","t129","t130","t131","t132","t133","t134","t135","t136","t137","t138","t139","t140","t141","t142","t143","t144","t145","t146","t147","t148","t149","t150","t151","t152","t153","t154","t155","t156","t157","t158","t159","t160","t161","t162","t163","t164","t165","t166","t167","t168","t169","t170","t171","t172","t173","t174","t175","t176","t177","t178","t179","t180","t181","t182","t183","t184","t185","t186","t187","t188","t189","t190","t191","t192"
2023-10-08 22:45:00,"e1",1,2,0.109195402298851,0.139846743295019,0.170498084291188,0.203065134099617,0.235632183908046,0.265325670498085,0.292145593869732,0.314176245210728,0.335249042145594,0.3544061302682,0.372605363984675,0.38984674329502,0.408045977011495,0.426245210727969,0.440613026819923,0.447318007662835,0.450191570881226,0.451149425287356,0.453065134099617,0.453065134099617,0.451149425287356,0.442528735632184,0.43103448275862,0.416666666666666,0.399425287356321,0.378352490421456,0.35727969348659,0.340038314176245,0.32375478927203,0.306513409961685,0.284482758620689,0.260536398467432,0.233716475095785,0.208812260536398,0.184865900383141,0.163793103448275,0.147509578544061,0.135057471264367,0.120689655172413,0.103448275862068,0.0842911877394629,0.0680076628352489,0.0536398467432948,0.0421455938697317,0.0335249042145595,0.0277777777777776,0.0239463601532568,0.0181992337164749,0.0114942528735631,0.00478927203065135,0.000957854406130475,0,0.00191570881226044,0.00574712643678132,0.0105363984674332,0.0153256704980845,0.0210727969348658,0.0268199233716477,0.0306513409961686,0.032567049808429,0.031609195402299,0.0296934865900386,0.0296934865900386,0.0287356321839086,0.0268199233716482,0.0229885057471273,0.0210727969348669,0.0210727969348669,0.0210727969348669,0.0201149425287364,0.0210727969348664,0.0249042145593878,0.0316091954022995,0.0392720306513413,0.0469348659003836,0.0555555555555558,0.065134099616859,0.0747126436781612,0.083333333333334,0.0929118773946367,0.1044061302682,0.119731800766284,0.136973180076629,0.156130268199234,0.17911877394636,0.204980842911877,0.234674329501915,0.265325670498084,0.296934865900382,0.329501915708811,0.364942528735631,0.400383141762451,0.433908045977011,0.462643678160919,0.490421455938697,0.518199233716475,0.546934865900383,0.57471264367816,0.601532567049808,0.629310344827586,0.656130268199234,0.681992337164751,0.704022988505747,0.726053639846743,0.749042145593869,0.774904214559386,0.800766283524903,0.825670498084291,0.847701149425287,0.868773946360153,0.887931034482758,0.905172413793103,0.921455938697318,0.935823754789272,0.951149425287356,0.96647509578544,0.981800766283525,0.993295019157089,0.99904214559387,1,0.996168582375478,0.989463601532567,0.982758620689655,0.977969348659003,0.975095785440613,0.972222222222222,0.9683908045977,0.96360153256705,0.958812260536398,0.954980842911877,0.954022988505747,0.954980842911878,0.955938697318008,0.954022988505748,0.945402298850575,0.932950191570882,0.917624521072798,0.901340996168583,0.882183908045978,0.860153256704982,0.837164750957856,0.815134099616859,0.793103448275863,0.772988505747127,0.757662835249043,0.74904214559387,0.745210727969349,0.740421455938697,0.734674329501916,0.731800766283525,0.731800766283525,0.734674329501915,0.735632183908045,0.735632183908045,0.734674329501915,0.731800766283525,0.727969348659004,0.721264367816092,0.717432950191571,0.71551724137931,0.716475095785441,0.71264367816092,0.709770114942529,0.705938697318008,0.706896551724139,0.707854406130269,0.709770114942529,0.711685823754789,0.71360153256705,0.717432950191571,0.722222222222223,0.730842911877395,0.740421455938697,0.754789272030651,0.769157088122605,0.78544061302682,0.795977011494252,0.804597701149425,0.813218390804597,0.828544061302682,0.846743295019156
2023-10-09 22:00:00,"e2",2,2,0,0.02436974789916,0.0487394957983198,0.0739495798319333,0.0983193277310929,0.121848739495799,0.146218487394958,0.169747899159664,0.192436974789917,0.211764705882353,0.23109243697479,0.251260504201681,0.273949579831933,0.296638655462185,0.318487394957984,0.337815126050421,0.356302521008404,0.37310924369748,0.388235294117648,0.402521008403362,0.415126050420169,0.42857142857143,0.44201680672269,0.455462184873951,0.465546218487396,0.470588235294119,0.471428571428572,0.468067226890757,0.46218487394958,0.456302521008404,0.452100840336135,0.449579831932774,0.447058823529412,0.443697478991597,0.439495798319328,0.43529411764706,0.431932773109245,0.431092436974791,0.431932773109245,0.432773109243699,0.431092436974791,0.423529411764707,0.412605042016808,0.399159663865548,0.384873949579834,0.368067226890758,0.348739495798321,0.32857142857143,0.309243697478993,0.289915966386556,0.272268907563027,0.258823529411766,0.251260504201682,0.247899159663867,0.243697478991598,0.238655462184875,0.236134453781513,0.236134453781513,0.238655462184874,0.239495798319328,0.239495798319328,0.238655462184874,0.236134453781513,0.232773109243698,0.226890756302522,0.223529411764706,0.221848739495799,0.222689075630253,0.219327731092438,0.216806722689077,0.213445378151262,0.214285714285716,0.215126050420169,0.216806722689077,0.218487394957984,0.220168067226892,0.223529411764707,0.227731092436976,0.23529411764706,0.243697478991597,0.256302521008404,0.268907563025211,0.283193277310925,0.292436974789916,0.300000000000001,0.307563025210084,0.321008403361345,0.336974789915966,0.353781512605042,0.368067226890756,0.380672268907563,0.394117647058823,0.409243697478992,0.427731092436974,0.446218487394958,0.46890756302521,0.494117647058823,0.522689075630252,0.54873949579832,0.576470588235294,0.605882352941177,0.639495798319328,0.673949579831933,0.709243697478992,0.743697478991597,0.775630252100841,0.807563025210084,0.840336134453782,0.874789915966387,0.906722689075631,0.93529411764706,0.956302521008404,0.970588235294118,0.978151260504202,0.985714285714286,0.99327731092437,0.998319327731093,1,0.995798319327731,0.98655462184874,0.972268907563026,0.957983193277311,0.946218487394958,0.93781512605042,0.933613445378152,0.933613445378152,0.934453781512606,0.933613445378152,0.931932773109244,0.930252100840337,0.928571428571429,0.926890756302522,0.922689075630253,0.915126050420169,0.903361344537816,0.889075630252102,0.872268907563026,0.852941176470589,0.830252100840337,0.805042016806724,0.77983193277311,0.75546218487395,0.734453781512606,0.715126050420169,0.701680672268908,0.689915966386555,0.67983193277311,0.671428571428572,0.664705882352942,0.657983193277312,0.651260504201681,0.645378151260505,0.639495798319329,0.632773109243698,0.626890756302521,0.62436974789916,0.622689075630253,0.621848739495799,0.619327731092438,0.614285714285715,0.605042016806724,0.594957983193278,0.586554621848741,0.583193277310925,0.583193277310925,0.584873949579833,0.585714285714287,0.582352941176472,0.578151260504203,0.57310924369748,0.57310924369748,0.578991596638657,0.593277310924371,0.6109243697479,0.626050420168068,0.632773109243699,0.633613445378152,0.631932773109244,0.630252100840337,0.631932773109244,0.636134453781513
2023-10-10 22:15:00,"e3",3,2,0,0.0244286840031522,0.0504334121355401,0.0780141843971638,0.109535066981876,0.141843971631206,0.174940898345155,0.207249802994485,0.237194641449962,0.267139479905438,0.297872340425533,0.330181245074864,0.360126083530341,0.386918833727346,0.406619385342791,0.420015760441294,0.427107959022854,0.434200157604414,0.441292356185975,0.446020488573681,0.447596532702917,0.443656422379828,0.434988179669032,0.421591804570529,0.408195429472026,0.397163120567377,0.389282899921199,0.38534278959811,0.38534278959811,0.386130811662728,0.38534278959811,0.383766745468875,0.382190701339639,0.380614657210403,0.379038613081168,0.375098502758079,0.368006304176519,0.356973995271869,0.343577620173367,0.32781717888101,0.309692671394801,0.28841607565012,0.264775413711586,0.241134751773051,0.218282111899134,0.198581560283689,0.18045705279748,0.167848699763594,0.156816390858945,0.147360126083531,0.139479905437353,0.133175728920411,0.126871552403468,0.120567375886526,0.115051221434201,0.109535066981877,0.103230890464934,0.0977147360126089,0.0953506698187554,0.0937746256895201,0.0929866036249025,0.090622537431049,0.0858944050433421,0.0772261623325464,0.0677698975571328,0.0598896769109548,0.0567375886524831,0.0567375886524831,0.0583136327817191,0.0591016548463373,0.0559495665878662,0.0520094562647769,0.0472813238770699,0.0472813238770699,0.0527974783293945,0.066193853427897,0.082742316784871,0.0969267139479918,0.103230890464934,0.104018912529552,0.102442868400316,0.10086682427108,0.102442868400316,0.106382978723405,0.115051221434201,0.12608353033885,0.136327817178882,0.145784081954296,0.156816390858945,0.177304964539008,0.20882584712372,0.249802994483847,0.296296296296297,0.346729708431837,0.398739164696613,0.452324665090624,0.505910165484636,0.558707643814029,0.61229314420804,0.665090622537433,0.714736012608355,0.755713159968481,0.787234042553193,0.814814814814816,0.840031520882586,0.865248226950356,0.888100866824272,0.909377462568952,0.927501970055162,0.944050433412136,0.957446808510639,0.96769109535067,0.97478329393223,0.981087470449173,0.989755713159969,0.996059889676911,1,0.997635933806146,0.99290780141844,0.983451536643026,0.971631205673759,0.955870764381403,0.939322301024429,0.922773837667456,0.908589440504335,0.896769109535068,0.885736800630419,0.875492513790388,0.866036249014974,0.858156028368796,0.849487785658001,0.841607565011823,0.832939322301027,0.826635145784084,0.818754925137906,0.81008668242711,0.799842395587079,0.78881008668243,0.778565799842399,0.769109535066985,0.760441292356189,0.752561071710011,0.743104806934597,0.732860520094566,0.72419227738377,0.715524034672974,0.708431836091414,0.701339637509854,0.696611505122147,0.692671394799057,0.687155240346733,0.681639085894408,0.676910953506701,0.672970843183612,0.672970843183612,0.674546887312847,0.674546887312847,0.669818754925141,0.661938534278963,0.653270291568167,0.643814026792753,0.633569739952722,0.625689519306544,0.617021276595748,0.605988967691099,0.591804570527978,0.576044129235622,0.559495665878648,0.544523246650909,0.531126871552406,0.52245862884161,0.516154452324668,0.513790386130814,0.516154452324668,0.52245862884161,0.535855003940113,0.553979511426323,0.577620173364857,0.601260835303391,0.628053585500397,0.656422379826638
2023-11-17 19:15:00,"e4",4,1,0.60290404040404,0.631313131313131,0.667929292929293,0.70959595959596,0.753787878787878,0.792929292929292,0.824494949494949,0.847853535353534,0.868686868686868,0.889520202020201,0.911616161616161,0.930555555555555,0.945075757575757,0.95770202020202,0.967803030303029,0.976641414141413,0.982954545454545,0.987373737373737,0.993055555555555,0.998106060606061,1,0.994318181818181,0.981060606060605,0.963383838383838,0.944444444444444,0.924873737373737,0.903409090909091,0.878787878787878,0.849116161616161,0.814393939393939,0.770833333333333,0.722853535353535,0.672979797979797,0.628787878787879,0.590277777777778,0.559343434343434,0.531565656565657,0.507575757575757,0.484848484848484,0.462752525252525,0.444444444444444,0.433080808080807,0.433080808080807,0.443181818181817,0.460227272727271,0.477272727272726,0.491161616161615,0.502525252525251,0.515151515151514,0.530934343434343,0.551136363636363,0.578282828282828,0.607954545454545,0.640151515151515,0.674242424242424,0.710227272727272,0.744949494949494,0.775252525252525,0.803030303030302,0.827651515151515,0.852272727272727,0.872474747474747,0.889520202020201,0.898358585858585,0.902777777777777,0.898989898989898,0.888888888888888,0.871843434343434,0.85290404040404,0.833333333333333,0.813131313131313,0.791666666666666,0.765151515151515,0.732954545454545,0.695075757575758,0.654671717171718,0.612373737373738,0.569444444444444,0.525252525252526,0.482954545454546,0.443813131313132,0.411616161616162,0.387626262626263,0.369949494949495,0.356060606060606,0.343434343434343,0.33270202020202,0.325757575757575,0.323232323232323,0.323863636363636,0.328282828282828,0.336489898989899,0.345959595959596,0.35479797979798,0.359217171717172,0.362373737373738,0.365530303030303,0.371212121212122,0.37689393939394,0.383207070707071,0.390151515151515,0.401515151515151,0.4135101010101,0.426767676767676,0.440656565656565,0.45580808080808,0.470959595959595,0.484848484848484,0.498737373737373,0.517045454545454,0.54040404040404,0.566287878787878,0.588383838383838,0.601641414141414,0.607954545454545,0.607954545454545,0.603535353535353,0.595959595959596,0.585227272727273,0.57260101010101,0.554292929292929,0.52840909090909,0.496212121212121,0.458964646464646,0.421717171717172,0.384469696969697,0.346590909090909,0.306818181818182,0.266414141414141,0.224116161616161,0.183080808080808,0.142045454545455,0.10669191919192,0.0770202020202024,0.0517676767676771,0.0303030303030306,0.0113636363636368,0.00126262626262653,0,0.00505050505050529,0.0132575757575759,0.0246212121212122,0.0391414141414141,0.0568181818181816,0.0763888888888885,0.097853535353535,0.127272422409377,0.170580198354107,0.22840817631904,0.29090817631904,0.352776863187727,0.413382923793788,0.473357671268535,0.529544539955404,0.58320615611702,0.631817267228131,0.67600918642005,0.712625348036212,0.737499390273299,0.745959291096245,0.738636363636363,0.722853535353535,0.701388888888889,0.676136363636363,0.648358585858586,0.621843434343434,0.595959595959595,0.571338383838383,0.546717171717171,0.52209595959596,0.497474747474748,0.470328282828283,0.43939393939394,0.402777777777778,0.362373737373738,0.320707070707071,0.279040404040405,0.24179292929293,0.210227272727274,0.186868686868687,0.16729797979798
2023-11-21 16:15:00,"e5",5,1,0.719208679004467,0.719208679004467,0.723037651563497,0.726866624122527,0.730695596681557,0.729419272495214,0.725590299936184,0.721761327377154,0.718570516911296,0.716656030631781,0.715379706445437,0.718570516911296,0.726866624122528,0.741544352265476,0.758774728781111,0.776643267389918,0.795788130185068,0.818123803446076,0.844288449266114,0.873005743458839,0.901084875558392,0.929164007657945,0.955328653477983,0.978940650925335,0.993618379068283,1,1,0.997447351627313,0.991703892788768,0.982131461391193,0.968091895341416,0.947032546266752,0.921506062539885,0.890236119974474,0.857689853222719,0.823229100191449,0.791959157626038,0.761327377153798,0.731971920867901,0.703254626675176,0.676451818761966,0.652201659221442,0.627313337587748,0.603701340140396,0.57817485641353,0.555201021059349,0.530950861518826,0.50606253988513,0.478621569878749,0.453733248245053,0.431397574984045,0.413529036375238,0.398213146139118,0.386088066368857,0.376515634971282,0.370772176132737,0.370134014039565,0.372686662412252,0.380344607530312,0.393107849393745,0.412890874282067,0.436502871729418,0.4639438417358,0.491384811742182,0.520740268028078,0.552010210593491,0.589023611997447,0.626675175494576,0.663688576898532,0.696873005743458,0.72814294830887,0.755583918315252,0.77791959157626,0.79323548181238,0.802169751116783,0.805998723675813,0.804084237396298,0.794511805998723,0.776005105296744,0.749840459476706,0.716017868538608,0.675813656668793,0.62858966177409,0.576898532227185,0.525845564773452,0.47925973197192,0.437779195915762,0.398213146139119,0.359285258455647,0.322910019144862,0.289087428206764,0.261008296107211,0.239948947032546,0.227185705169113,0.218889597957881,0.213784301212508,0.205488194001277,0.194001276324187,0.178047223994895,0.16464582003829,0.154435226547543,0.146777281429483,0.139757498404595,0.13401403956605,0.129546904913848,0.128270580727505,0.133375877472878,0.145500957243139,0.163369495851946,0.183790682833439,0.205488194001276,0.225909380982769,0.244416081684747,0.262284620293554,0.281429483088703,0.301212507977025,0.319719208679004,0.333120612635608,0.340140395660497,0.342054881940012,0.342693044033183,0.34524569240587,0.3490746649649,0.354179961710273,0.359923420548819,0.366943203573707,0.372686662412252,0.376515634971282,0.375239310784938,0.369495851946394,0.356732610082961,0.338864071474154,0.317804722399489,0.296107211231653,0.27568602425016,0.253988513082323,0.231652839821315,0.204211869814933,0.174218251435865,0.141033822590939,0.111678366305043,0.0867900446713473,0.0676451818761973,0.0516911295469053,0.0363752393107851,0.0229738353541799,0.01148691767709,0.0044671346522016,0,0.000638162093171462,0.00510529674537306,0.0140395660497763,0.0261646458200377,0.0427568602425014,0.0644543714103381,0.0912571793235486,0.124441608168475,0.160178685386089,0.198468410976389,0.236758136566689,0.275047862156989,0.312699425654117,0.34843650287173,0.383535417996171,0.414167198468411,0.440970006381621,0.464582003828973,0.484365028717294,0.496490108487556,0.499042756860242,0.492022973835354,0.479259731971921,0.464582003828973,0.449904275686024,0.438417358008934,0.427568602425017,0.419272495213785,0.40970006381621,0.396936821952776,0.380344607530313,0.361199744735163
2023-12-05 17:15:00,"e6",6,1,0.405286343612337,0.450440528634362,0.493392070484583,0.536343612334803,0.577092511013217,0.617841409691632,0.65638766519824,0.691629955947138,0.721365638766521,0.751101321585904,0.780837004405288,0.811674008810575,0.838105726872249,0.86343612334802,0.890969162995597,0.915198237885465,0.935022026431721,0.947136563876655,0.958149779735685,0.969162995594716,0.980176211453747,0.986784140969166,0.988986784140972,0.987885462555068,0.988986784140971,0.991189427312777,0.990088105726874,0.985682819383261,0.976872246696036,0.966960352422908,0.950440528634362,0.926211453744494,0.893171806167401,0.854625550660793,0.81057268722467,0.765418502202643,0.72136563876652,0.677312775330397,0.634361233480176,0.594713656387665,0.559471365638767,0.525330396475771,0.490088105726873,0.455947136563877,0.426211453744494,0.40308370044053,0.387665198237887,0.378854625550663,0.376651982378856,0.383259911894275,0.397577092511015,0.417400881057271,0.443832599118945,0.474669603524231,0.515418502202645,0.562775330396478,0.617841409691632,0.674008810572688,0.730176211453746,0.784140969162996,0.834801762114538,0.88215859030837,0.924008810572688,0.957048458149781,0.979074889867842,0.994493392070485,1,0.998898678414097,0.986784140969162,0.97136563876652,0.951541850220264,0.931718061674009,0.907488986784141,0.878854625550661,0.848017621145374,0.819383259911894,0.789647577092511,0.758810572687224,0.730176211453744,0.703744493392071,0.675110132158591,0.636563876651983,0.592511013215859,0.544052863436124,0.494493392070484,0.444933920704846,0.39647577092511,0.35352422907489,0.317180616740088,0.286343612334802,0.255506607929517,0.223568281938327,0.197136563876653,0.18502202643172,0.186123348017623,0.19933920704846,0.219162995594716,0.244493392070487,0.272026431718064,0.298458149779738,0.325991189427314,0.353524229074891,0.38546255506608,0.419603524229075,0.455947136563877,0.488986784140969,0.515418502202642,0.529735682819382,0.538546255506607,0.544052863436123,0.551762114537444,0.559471365638766,0.566079295154185,0.566079295154185,0.558370044052863,0.544052863436124,0.529735682819384,0.514317180616741,0.500000000000001,0.48898678414097,0.48568281938326,0.490088105726873,0.496696035242291,0.501101321585904,0.501101321585904,0.50330396475771,0.50660792951542,0.513215859030838,0.515418502202645,0.517621145374451,0.515418502202645,0.509911894273131,0.492290748898682,0.462555066079298,0.422907488986787,0.379955947136566,0.333700440528636,0.286343612334803,0.240088105726874,0.198237885462557,0.160792951541852,0.123348017621146,0.0870044052863452,0.0517621145374459,0.0242290748898681,0.00550660792951574,0,0.00660792951541921,0.0297356828193842,0.0638766519823795,0.105726872246696,0.149779735682819,0.196035242290749,0.24669603524229,0.302863436123347,0.363436123348017,0.424008810572687,0.483480176211453,0.541850220264317,0.595814977973568,0.640969162995595,0.67511013215859,0.703744493392071,0.726872246696036,0.743392070484582,0.751101321585903,0.752202643171806,0.748898678414097,0.742290748898679,0.729074889867842,0.70704845814978,0.679515418502203,0.651982378854626,0.626651982378856,0.603524229074891,0.580396475770926,0.559471365638767,0.537444933920706,0.515418502202644,0.493392070484583,0.470264317180618
2023-12-18 11:00:00,"e7",7,1,0.893347412882788,0.879619852164731,0.860612460401267,0.838437170010559,0.813093980992608,0.787750791974657,0.761351636747624,0.732840549102429,0.699049630411827,0.662090813093982,0.61985216473073,0.577613516367478,0.536430834213307,0.499472016895461,0.461457233368535,0.422386483632526,0.380147835269273,0.336853220696939,0.298838437170012,0.260823653643084,0.225976768743401,0.190073917634635,0.162618796198521,0.140443505807813,0.124604012671593,0.108764519535374,0.0960929250263969,0.0813093980992587,0.0718057022175277,0.0665258711721206,0.0644139387539575,0.0686378035902837,0.0760295670538533,0.0960929250263992,0.123548046462514,0.162618796198522,0.208025343189019,0.260823653643085,0.318901795142556,0.385427666314679,0.453009503695882,0.517423442449842,0.573389651531151,0.621964097148892,0.665258711721226,0.699049630411827,0.723336853220697,0.738120380147835,0.746568109820485,0.752903907074974,0.759239704329462,0.76557550158395,0.768743400211195,0.767687434002114,0.765575501583952,0.762407602956707,0.759239704329464,0.749736008447732,0.732840549102431,0.704329461457236,0.664202745512146,0.615628299894406,0.557550158394933,0.494192185850054,0.431890179514256,0.371700105596622,0.31467793030623,0.257655755015839,0.202745512143611,0.157338965153114,0.119324181626187,0.092925026399154,0.0739176346356902,0.057022175290389,0.0422386483632514,0.0274551214361132,0.0168954593453001,0.0126715945089745,0.0190073917634621,0.0380147835269264,0.0718057022175283,0.114044350580781,0.16895459345301,0.231256599788807,0.304118268215417,0.387539598732841,0.47624076029567,0.569165786694825,0.658922914466737,0.745512143611404,0.82259767687434,0.889123548046462,0.940865892291446,0.977824709609293,0.995776135163674,1,0.992608236536431,0.977824709609293,0.959873284054912,0.940865892291448,0.919746568109822,0.895459345300953,0.868004223864838,0.838437170010562,0.803590285110878,0.764519535374869,0.721224920802536,0.670538542766633,0.612460401267161,0.54699049630412,0.478352692713834,0.406546990496305,0.334741288278776,0.265047518479409,0.199577613516368,0.139387539598733,0.0865892291446681,0.0443505807814156,0.0147835269271387,0.00105596620908097,0,0.00739176346356908,0.0168954593453012,0.0274551214361144,0.0401267159450906,0.0570221752903918,0.074973600844774,0.0950369588173193,0.117212249208027,0.142555438225978,0.171066525871173,0.20063357972545,0.232312565997889,0.26610348468849,0.305174234424499,0.348468848996832,0.392819429778248,0.435058078141499,0.479408658922915,0.52375923970433,0.564941921858501,0.599788806758184,0.629355860612461,0.65258711721225,0.669482576557551,0.680042238648364,0.68426610348469,0.681098204857445,0.670538542766632,0.656810982048575,0.638859556494193,0.620908130939811,0.602956705385428,0.586061246040128,0.570221752903909,0.557550158394933,0.543822597676876,0.523759239704331,0.493136219640973,0.455121436114046,0.416050686378038,0.376979936642029,0.340021119324183,0.302006335797256,0.262935586061248,0.22492080253432,0.186906019007393,0.151003167898628,0.120380147835271,0.103484688489969,0.101372756071807,0.115100316789864,0.139387539598734,0.172122492080255,0.209081309398101,0.24920802534319,0.295670538542767,0.348468848996833,0.405491024287224,0.465681098204859,0.549102428722282
2024-01-19 12:30:00,"e8",8,2,0.545161290322579,0.524999999999998,0.499193548387094,0.466129032258062,0.427419354838707,0.382258064516127,0.333870967741934,0.282258064516128,0.229032258064515,0.175,0.124193548387096,0.079032258064516,0.0435483870967741,0.0185483870967743,0.00403225806451571,0,0.00322580645161274,0.0137096774193548,0.0290322580645164,0.0516129032258064,0.0806451612903219,0.116935483870968,0.153225806451612,0.191129032258063,0.224999999999998,0.26290322580645,0.298387096774192,0.332258064516127,0.36048387096774,0.387096774193547,0.408870967741934,0.424193548387095,0.430645161290321,0.431451612903225,0.430645161290321,0.430645161290321,0.433064516129032,0.431451612903226,0.429032258064515,0.424999999999999,0.42258064516129,0.418548387096774,0.416129032258064,0.416935483870968,0.424193548387097,0.435483870967741,0.449193548387096,0.461290322580645,0.47016129032258,0.475806451612903,0.47741935483871,0.475806451612903,0.471774193548386,0.462096774193547,0.446774193548386,0.426612903225805,0.404838709677418,0.382258064516128,0.359677419354838,0.334677419354838,0.308870967741935,0.279838709677419,0.254032258064516,0.232258064516128,0.216129032258064,0.209677419354838,0.214516129032258,0.225806451612904,0.238709677419356,0.250000000000001,0.263709677419355,0.281451612903227,0.304032258064518,0.336290322580647,0.376612903225808,0.427419354838712,0.486290322580647,0.550806451612906,0.615322580645163,0.678225806451614,0.736290322580646,0.790322580645162,0.836290322580647,0.878225806451615,0.916935483870969,0.954032258064517,0.984677419354839,1,0.99758064516129,0.979032258064516,0.949193548387097,0.910483870967743,0.866935483870969,0.820967741935485,0.775806451612905,0.727419354838711,0.675806451612905,0.616935483870969,0.555645161290324,0.493548387096776,0.433064516129033,0.374193548387098,0.320967741935485,0.274193548387098,0.233870967741937,0.197580645161292,0.16451612903226,0.135483870967744,0.108064516129034,0.0814516129032283,0.0556451612903247,0.0395161290322601,0.0370967741935504,0.0500000000000022,0.0701612903225825,0.0959677419354852,0.124193548387099,0.154838709677421,0.18709677419355,0.221774193548388,0.258064516129034,0.295967741935485,0.33467741935484,0.372580645161292,0.409677419354839,0.441129032258066,0.466935483870968,0.487096774193549,0.504032258064518,0.520967741935486,0.536290322580648,0.550000000000003,0.566129032258067,0.586290322580648,0.608064516129035,0.624193548387099,0.630645161290325,0.632258064516132,0.633870967741938,0.637903225806455,0.64435483870968,0.650806451612907,0.657258064516133,0.662096774193552,0.659677419354842,0.648387096774197,0.62903225806452,0.604838709677423,0.578225806451616,0.54677419354839,0.511290322580648,0.468548387096777,0.420967741935487,0.368548387096777,0.315322580645164,0.261290322580648,0.209677419354842,0.161290322580649,0.118548387096779,0.0838709677419407,0.0572580645161341,0.0395161290322636,0.0282258064516177,0.0258064516129079,0.0298387096774245,0.0403225806451666,0.0556451612903281,0.0758064516129084,0.100806451612908,0.132258064516134,0.170161290322584,0.214516129032261,0.265322580645166,0.320967741935488,0.37903225806452,0.437096774193552,0.495967741935487,0.556451612903229,0.613709677419359,0.668548387096778,0.718548387096777
2024-01-20 18:00:00,"e9",9,2,0.119688809096347,0.145421903052062,0.172351885098741,0.200478755236383,0.229204069419507,0.257330939557149,0.284859365649309,0.308198683423097,0.327348892878513,0.342309994015557,0.354877318970674,0.367444643925791,0.378815080789945,0.388988629563134,0.400957510472769,0.415918611609813,0.43207660083782,0.444045481747455,0.448833034111309,0.450029922202273,0.451226810293236,0.454219030520645,0.459006582884499,0.463794135248353,0.468581687612208,0.472172351885098,0.470377019748652,0.461998803111908,0.447636146020346,0.429682824655894,0.409934171154996,0.386594853381207,0.360263315380011,0.328545780969478,0.293237582286055,0.254338719329741,0.214841412327946,0.174745661280669,0.136445242369837,0.100538599640933,0.0688210652304008,0.0430879712746862,0.0233393177737884,0.0101735487731903,0.00179533213644531,0,0.00299222022740906,0.0107719928186719,0.0221424296828253,0.0371035308198687,0.0556552962298027,0.0789946140035905,0.107121484141232,0.140035906642728,0.177737881508079,0.219030520646319,0.262118491921005,0.30520646319569,0.348892878515858,0.393776181926989,0.436265709156193,0.476959904248952,0.51406343506882,0.549371633752244,0.579892280071812,0.6032315978456,0.616397366846199,0.619389587073607,0.615200478755235,0.605026929982046,0.590664272890484,0.570915619389586,0.548773189706762,0.52423698384201,0.500897666068222,0.475763016157988,0.449431478156791,0.42219624238319,0.396517359937138,0.37453172775208,0.355269883328508,0.339268980005445,0.32438367864208,0.311770588072582,0.300502268696766,0.289961008662018,0.27684660363589,0.260562353215432,0.241734411460619,0.224684787868571,0.212661695449274,0.206520457496689,0.2048367603284,0.204081230377974,0.202808542513332,0.200460531945786,0.199759970411967,0.203119901900934,0.213242086699653,0.230124781165594,0.254937163375223,0.282465589467383,0.309395571514062,0.333931777378814,0.357271095152602,0.383602633153798,0.413524835427887,0.447636146020346,0.482345900658287,0.515260323159783,0.542190305206462,0.563734290843805,0.578695391980849,0.591861160981447,0.603830041891082,0.615798922800717,0.626570915619389,0.634949132256133,0.639138240574505,0.639736684619987,0.638539796529024,0.637941352483542,0.639138240574505,0.640335128665468,0.64093357271095,0.637941352483541,0.631956912028724,0.621184919210052,0.606822262118491,0.588270496708556,0.567923399162177,0.545780969479353,0.522441651705564,0.496110113704368,0.469180131657689,0.444045481747456,0.423698384201076,0.408138839018551,0.396768402154398,0.387791741472171,0.380610412926391,0.375822860562536,0.376421304608018,0.381208856971872,0.39078396169958,0.405745062836624,0.426690604428485,0.453022142429682,0.483542788749251,0.52064631956912,0.561340514661879,0.607420706163973,0.654697785757032,0.704967085577498,0.754039497307001,0.803111909036505,0.8491921005386,0.891083183722322,0.926391382405745,0.955715140634351,0.979054458408139,0.993417115499701,1,0.999401555954518,0.997007779772591,0.992220227408737,0.983243566726511,0.970077797725913,0.951526032315979,0.930580490724117,0.907839616995811,0.885098743267504,0.861160981448234,0.836026331538002,0.812088569718732,0.790544584081389,0.769599042489527,0.743865948533812,0.714542190305206,0.68162776780371,0.649311789347696
2024-01-21 07:45:00,"e10",10,2,0.0198502452323495,0.0642343850708849,0.10861852490942,0.153619111134601,0.199852590133076,0.243620283584964,0.285538637876914,0.323758313848986,0.360128650661118,0.391567416380081,0.415608825459287,0.429170645965506,0.432252877898738,0.427937753192214,0.417458164619226,0.402663451339714,0.382320720580386,0.359512204274472,0.334237902421973,0.310196493342767,0.284305745103621,0.257182104091184,0.229127580349399,0.202676228019137,0.180029225979534,0.160187948445397,0.143705707355274,0.128372627664923,0.11538011121378,0.103772819245143,0.0929144579527547,0.0794055465475707,0.0626314347375779,0.0432371124941364,0.0256746036240929,0.0132898335956369,0.00696385546286274,0.00522950946437804,0.00445125172840501,0.00314027897930548,0.000721635764289929,0,0.00346100465263309,0.0138876841245852,0.0312782423212248,0.0568370284311288,0.0851935622168597,0.112933649615944,0.138207951468443,0.16224936054765,0.189373001560088,0.220195320892404,0.255332764931244,0.291086655356731,0.324991206622278,0.352731294021362,0.37492336394063,0.390334523606788,0.403896344113007,0.416225271845933,0.42855419957886,0.439650234538493,0.448280483951542,0.452595608658067,0.453212055044713,0.45197916227142,0.451362715884774,0.452595608658066,0.453828501431358,0.454444947818004,0.451362715884773,0.44519825201831,0.434102217058676,0.419307503779165,0.400197665793129,0.379238488647154,0.35642997234124,0.332388563262034,0.305264922249596,0.277524834850512,0.251634086611366,0.230674909465391,0.214647303412587,0.202934822066307,0.193688126266612,0.186290769626856,0.181359198533685,0.181975644920331,0.186907216013502,0.196770358199843,0.212181517866001,0.233757141398623,0.260880782411061,0.292319548130023,0.330539224102095,0.372457578394046,0.419923950165812,0.468623214710871,0.520404711189163,0.570953314894161,0.621501918599158,0.668968290370926,0.712119537436168,0.748489874248301,0.778695747193971,0.802737156273178,0.817531869552689,0.824312779805798,0.823696333419152,0.821230547872567,0.816298976779396,0.807052280979701,0.793490460473482,0.774380622487446,0.752804998954825,0.729380036262265,0.705955073569704,0.681297218103852,0.655406469864707,0.630748614398854,0.608556544479586,0.586980920946965,0.560473726321173,0.530267853375503,0.496363302109956,0.463075197231055,0.427937753192214,0.394033201926666,0.362594436207705,0.33670368796856,0.316360957209231,0.302799136703012,0.293552440903317,0.289853762583439,0.294168887289963,0.310196493342767,0.336703687968559,0.371224685620753,0.411910147139411,0.456910733364591,0.50067842681648,0.543213227495076,0.584515135400379,0.62458415053239,0.662803826504462,0.69670837777001,0.727530697102326,0.752188552568179,0.773147729714154,0.789791782153605,0.804586495433116,0.817531869552689,0.832326582832201,0.847121296111713,0.86253245577787,0.877327169057382,0.890272543176955,0.901368578136589,0.909382381162991,0.91801263057604,0.927259326375734,0.940204700495307,0.953766521001526,0.966711895121098,0.97657503730744,0.985821733107134,0.99321908974689,0.997534214453415,0.999383553613354,1,0.998150660840061,0.992602643360244,0.982123054787256,0.96486255596116,0.942670486041892,0.914930398642808,0.884108079310492,0.847737742498359,0.811367405686227,0.776229961647386,0.746024088701717
2024-02-10 15:00:00,"e11",11,2,0.679263565891476,0.653100775193802,0.625968992248066,0.592054263565894,0.5562015503876,0.523255813953492,0.499031007751941,0.486434108527135,0.478682170542639,0.475775193798453,0.476744186046516,0.482558139534888,0.492248062015509,0.505813953488377,0.521317829457369,0.538759689922485,0.551356589147292,0.551356589147292,0.533914728682175,0.500968992248067,0.462209302325587,0.426356589147293,0.393410852713184,0.364341085271324,0.333333333333339,0.303294573643416,0.277131782945742,0.257751937984501,0.244186046511633,0.237403100775199,0.23837209302326,0.250000000000005,0.267441860465121,0.281007751937989,0.288759689922486,0.293604651162795,0.298449612403105,0.302325581395354,0.302325581395354,0.301356589147292,0.306201550387602,0.317829457364345,0.338178294573647,0.35852713178295,0.376937984496128,0.387596899224811,0.386627906976749,0.371124031007757,0.350775193798455,0.32945736434109,0.308139534883726,0.283914728682175,0.254844961240315,0.224806201550392,0.187015503875973,0.14244186046512,0.0949612403100824,0.0542635658914773,0.0310077519379891,0.0193798449612445,0.0155038759689956,0.0145348837209339,0.0174418604651211,0.0222868217054306,0.0300387596899263,0.0397286821705465,0.0581395348837251,0.0823643410852761,0.114341085271322,0.150193798449616,0.189922480620159,0.23449612403101,0.278100775193801,0.318798449612406,0.355620155038762,0.391472868217057,0.422480620155041,0.447674418604653,0.467054263565893,0.486434108527134,0.50387596899225,0.517441860465118,0.52325581395349,0.524224806201552,0.525193798449614,0.524224806201552,0.521317829457366,0.512596899224808,0.50387596899225,0.493217054263567,0.479651162790699,0.460271317829458,0.43217054263566,0.396317829457365,0.352713178294575,0.301356589147288,0.242248062015505,0.183139534883722,0.128875968992248,0.0862403100775198,0.0523255813953487,0.0271317829457361,0.00872093023255846,0,0.00193798449612445,0.0145348837209297,0.0339147286821701,0.0620155038759689,0.10077519379845,0.146317829457365,0.19186046511628,0.232558139534884,0.267441860465117,0.297480620155039,0.323643410852713,0.346899224806203,0.369186046511628,0.390503875968993,0.418604651162791,0.452519379844962,0.489341085271318,0.518410852713179,0.537790697674418,0.545542635658915,0.549418604651163,0.55717054263566,0.575581395348837,0.606589147286822,0.646317829457364,0.690891472868217,0.726744186046511,0.75,0.758720930232558,0.768410852713178,0.785852713178294,0.814922480620154,0.842054263565891,0.859496124031007,0.862403100775193,0.846899224806201,0.815891472868216,0.773255813953487,0.732558139534883,0.694767441860464,0.660852713178294,0.627906976744185,0.595930232558139,0.564922480620154,0.53875968992248,0.517441860465116,0.499999999999999,0.484496124031007,0.470930232558139,0.456395348837209,0.437015503875969,0.416666666666667,0.400193798449612,0.384689922480619,0.368217054263566,0.346899224806202,0.328488372093024,0.313953488372094,0.304263565891473,0.301356589147288,0.305232558139536,0.320736434108527,0.344961240310078,0.376937984496125,0.41279069767442,0.4515503875969,0.489341085271319,0.530038759689924,0.567829457364342,0.606589147286823,0.644379844961242,0.686046511627908,0.732558139534885,0.788759689922482,0.856589147286822,0.930232558139535,1
2024-02-21 10:45:00,"e12",12,1,0.782293390825272,0.78920105873543,0.795245268156817,0.794381809668047,0.791791434201738,0.78833760024666,0.784020307802813,0.776249181403886,0.765024221049881,0.752935802207107,0.739120466386792,0.72098783812263,0.690766791015693,0.651047700532291,0.604420942138732,0.556930725256403,0.508577049885305,0.458496457536667,0.4092793236768,0.36265256528324,0.318616182355989,0.276306716406278,0.238314542900415,0.211547329748556,0.198595452417012,0.199458910905781,0.208093495793478,0.222772290102561,0.240904918366724,0.263354839074734,0.290122052226592,0.320343099333528,0.355744897373083,0.392873612390176,0.430002327407271,0.460223374514207,0.485263670688525,0.501669381975149,0.517211634773001,0.531026970593315,0.543115389436089,0.550886515835016,0.555203808278864,0.560384559211482,0.562974934677791,0.5655653101441,0.568155685610409,0.577653728986875,0.590605606318419,0.61219206853766,0.635505447734439,0.659682285419988,0.679541830661689,0.698537917414621,0.715807087190013,0.734803173942945,0.752072343718337,0.766751138027421,0.773658805937578,0.76934151349373,0.758116553139725,0.736530090920484,0.710626336257395,0.681268747639228,0.65450153448737,0.628597779824282,0.602694025161193,0.568155685610409,0.528436595127005,0.486127129177295,0.45072533113774,0.426548493452191,0.414460074609416,0.413596616120647,0.420504284030805,0.43000232740727,0.442954204738815,0.457632999047897,0.47403871033452,0.4973520895313,0.528436595127006,0.568155685610409,0.607011317605041,0.642413115644595,0.670043787285223,0.695084083459541,0.72012437963386,0.752935802207105,0.793518351179277,0.840145109572836,0.887635326455165,0.929081333916106,0.962756214978121,0.985753528310224,0.999352702820884,1,0.991465319667326,0.973332691403165,0.949155853717616,0.918934806610679,0.884396467059894,0.844677376576492,0.80323136911555,0.760921903165839,0.718612437216128,0.676619037131094,0.637979566446116,0.606247763671294,0.577653728986874,0.550886515835015,0.519802010239309,0.480946378244677,0.430865785896039,0.374740984126013,0.317752723867218,0.264218297563502,0.215864622192403,0.171828239265153,0.133836065759289,0.0984342677197353,0.0664863036352605,0.0388556319946323,0.0172691697753924,0.00518075093261697,0,0.00259037546630895,0.00863458488769618,0.018996086752932,0.0336748810620154,0.0561248017700256,0.0854823903881924,0.123474563894055,0.169237863798845,0.216728080681174,0.265081756052272,0.31429888991214,0.369560233193395,0.429138868918498,0.489580963132371,0.549159598857475,0.60442094213873,0.652774617509828,0.693357166482,0.727032047544015,0.755526177673413,0.783156849314041,0.812514437932208,0.841872026550375,0.866912322724693,0.885044950988855,0.898860286809169,0.908358330185635,0.914402539607022,0.917856373562101,0.917856373562101,0.911812164140714,0.899723745297939,0.880727658545007,0.854823903881918,0.821149022819903,0.780566473847731,0.73653009092048,0.693357166482,0.655364992976136,0.626870862846739,0.604420942138729,0.583697938408259,0.561248017700249,0.533617346059622,0.506850132907763,0.486127129177293,0.479219461267136,0.487854046154832,0.504259757441455,0.518075093261769,0.521528927216848,0.513757800817921,0.504259757441455,0.501669381975146,0.51375780081792,0.543115389436087
2024-03-20 10:00:00,"e13",13,2,0,0.00692695214105798,0.0125944584382872,0.0214105793450883,0.0333753148614613,0.048488664987406,0.0636020151133505,0.0774559193954665,0.090680100755668,0.10390428211587,0.117128463476071,0.130352644836273,0.143576826196474,0.156171284634761,0.170025188916877,0.184508816120907,0.198362720403023,0.210327455919396,0.219773299748111,0.229219143576826,0.237405541561713,0.2455919395466,0.250629722921915,0.251259445843829,0.248740554156171,0.246221662468514,0.242443324937028,0.236775818639799,0.230478589420655,0.226070528967254,0.224181360201511,0.222292191435768,0.222292191435768,0.221662468513854,0.223551637279597,0.227959697732998,0.23551637279597,0.244332493702771,0.253778337531487,0.264483627204031,0.273929471032746,0.28463476070529,0.295340050377834,0.30919395465995,0.321788413098237,0.336272040302268,0.349496221662469,0.363350125944585,0.375944584382872,0.389168765743074,0.402392947103275,0.414987405541562,0.428211586901764,0.439546599496222,0.448992443324937,0.453400503778338,0.457178841309824,0.459068010075567,0.461586901763225,0.462846347607053,0.464735516372797,0.464735516372797,0.464735516372797,0.465365239294711,0.468513853904283,0.471662468513855,0.474811083123426,0.477959697732998,0.479848866498741,0.480478589420655,0.479848866498741,0.477959697732998,0.474181360201512,0.469773299748111,0.464735516372796,0.459068010075567,0.450251889168766,0.441435768261965,0.434508816120907,0.431360201511335,0.432619647355164,0.435768261964736,0.441435768261965,0.448992443324937,0.459068010075567,0.469143576826197,0.479848866498741,0.490554156171285,0.504408060453401,0.52015113350126,0.537783375314861,0.555415617128463,0.570528967254408,0.585642317380352,0.601385390428211,0.619017632241813,0.639168765743072,0.661209068010074,0.685768261964734,0.70969773299748,0.732583667070399,0.75396277732719,0.774712164662067,0.794615920191026,0.812877884926543,0.827991235052488,0.83995597056886,0.851290983163318,0.860736826992034,0.869552947898835,0.876479900039893,0.881517683415208,0.882561220375034,0.880073797775674,0.875697206410571,0.870906801007556,0.868387909319899,0.869017632241813,0.871536523929471,0.869017632241814,0.86272040302267,0.854534005037783,0.845717884130983,0.835642317380353,0.826196473551638,0.816750629722922,0.809193954659949,0.800377833753148,0.794080604534004,0.786523929471031,0.779596977329973,0.775818639798487,0.775818639798487,0.776448362720401,0.777078085642316,0.778337531486144,0.780856423173801,0.785894206549116,0.791561712846345,0.800377833753147,0.807304785894205,0.816750629722921,0.827455919395465,0.84130982367758,0.856423173803525,0.874055415617127,0.892317380352644,0.911838790931989,0.93073047858942,0.948362720403022,0.962846347607053,0.974811083123425,0.984886649874055,0.993073047858942,0.998110831234257,1,0.997481108312342,0.991813602015113,0.984886649874055,0.979219143576825,0.974811083123425,0.971662468513853,0.969143576826196,0.966624685138538,0.963476070528966,0.958438287153651,0.951511335012593,0.942065491183878,0.931360201511333,0.919395465994961,0.906801007556674,0.894206549118387,0.884130982367757,0.875314861460956,0.867128463476069,0.85705289672544,0.84697732997481,0.838161209068009,0.83249370277078,0.831234256926951,0.835642317380352
2024-04-14 06:30:00,"e14",14,3,0.780660377358489,0.773584905660376,0.770440251572326,0.770440251572326,0.771226415094338,0.775157232704401,0.781446540880502,0.792452830188679,0.805817610062892,0.821540880503144,0.838050314465408,0.855345911949684,0.870283018867924,0.883647798742138,0.894654088050314,0.904874213836477,0.915094339622641,0.924528301886792,0.93317610062893,0.940251572327043,0.945754716981131,0.952044025157232,0.95754716981132,0.963836477987421,0.970911949685534,0.97877358490566,0.988207547169811,0.995283018867924,0.999213836477987,1,0.99685534591195,0.991352201257861,0.982704402515723,0.970911949685534,0.95754716981132,0.941823899371068,0.923742138364779,0.902515723270439,0.878144654088049,0.852987421383646,0.829402515723269,0.808176100628929,0.787735849056602,0.76572327044025,0.745283018867922,0.725628930817608,0.710691823899369,0.69889937106918,0.694968553459117,0.694182389937105,0.694968553459118,0.699685534591193,0.706761006289306,0.721698113207546,0.742138364779873,0.771226415094338,0.799528301886792,0.824685534591194,0.841194968553458,0.852987421383647,0.857704402515722,0.862421383647798,0.865566037735848,0.868710691823898,0.871069182389936,0.869496855345911,0.863993710691823,0.851415094339622,0.83569182389937,0.816823899371068,0.798742138364779,0.781446540880502,0.76572327044025,0.749999999999999,0.73506289308176,0.718553459119495,0.698113207547168,0.673742138364778,0.648584905660376,0.624999999999998,0.604559748427671,0.588050314465407,0.571540880503143,0.555031446540879,0.53694968553459,0.518081761006288,0.497641509433962,0.477201257861635,0.457547169811321,0.437106918238994,0.413522012578617,0.389150943396227,0.366352201257863,0.345125786163524,0.327830188679247,0.312106918238995,0.297955974842768,0.283018867924529,0.268867924528303,0.255503144654089,0.245283018867926,0.238207547169812,0.234276729559749,0.230345911949686,0.22562893081761,0.221698113207548,0.217767295597485,0.213050314465409,0.208333333333334,0.204402515723271,0.202044025157233,0.198899371069183,0.193396226415095,0.185534591194969,0.176886792452831,0.168238993710693,0.158018867924529,0.14622641509434,0.132861635220127,0.1187106918239,0.100628930817611,0.0801886792452837,0.0581761006289315,0.0385220125786172,0.0235849056603781,0.014150943396227,0.00864779874213878,0.00550314465408841,0.00314465408805058,0.00157232704402529,0,0,0.00314465408805058,0.0102201257861636,0.0188679245283022,0.0259433962264153,0.0283018867924531,0.026729559748428,0.0243710691823904,0.0204402515723277,0.0172955974842776,0.0117924528301896,0.00786163522012645,0.00550314465408862,0.00707547169811391,0.0102201257861643,0.0165094339622648,0.0235849056603781,0.0306603773584914,0.0377358490566044,0.0432389937106924,0.0495283018867932,0.0550314465408812,0.0660377358490571,0.0801886792452835,0.0935534591194975,0.103773584905661,0.110062893081761,0.114779874213837,0.1187106918239,0.126572327044025,0.135220125786164,0.147012578616353,0.159591194968554,0.176100628930818,0.191037735849057,0.205188679245284,0.220125786163523,0.238207547169812,0.258647798742139,0.279088050314466,0.298742138364781,0.318396226415095,0.338836477987422,0.359276729559749,0.379716981132076,0.39937106918239,0.41745283018868,0.433176100628931,0.447327044025157,0.458333333333333
2024-04-15 03:30:00,"e15",15,2,0.431186868686868,0.416035353535353,0.399621212121212,0.383207070707071,0.367424242424243,0.351010101010101,0.332070707070707,0.312500000000001,0.29419191919192,0.277146464646466,0.263257575757577,0.250631313131314,0.239267676767678,0.227272727272728,0.215909090909092,0.205176767676768,0.196969696969698,0.19128787878788,0.188131313131314,0.184974747474748,0.181186868686869,0.178030303030303,0.174873737373738,0.171085858585859,0.167297979797981,0.164141414141415,0.162247474747475,0.159722222222223,0.155303030303031,0.1489898989899,0.142045454545455,0.135101010101011,0.12689393939394,0.117424242424243,0.10669191919192,0.0953282828282836,0.0808080808080814,0.06439393939394,0.0467171717171723,0.0309343434343441,0.0189393939393945,0.0113636363636368,0.00694444444444478,0.00441919191919221,0.00252525252525274,0.00126262626262637,0,0,0.00252525252525274,0.00820707070707081,0.0151515151515154,0.0208333333333335,0.022727272727273,0.0214646464646468,0.0195707070707075,0.016414141414142,0.0138888888888896,0.00946969696969769,0.00631313131313185,0.00441919191919238,0.00568181818181875,0.00820707070707132,0.0132575757575763,0.0189393939393945,0.0246212121212128,0.0303030303030308,0.0347222222222227,0.0397727272727279,0.0441919191919197,0.0530303030303035,0.0643939393939398,0.0751262626262632,0.083333333333334,0.0883838383838388,0.0921717171717176,0.095328282828283,0.101641414141414,0.108585858585859,0.118055555555556,0.128156565656566,0.141414141414142,0.153409090909091,0.164772727272728,0.176767676767677,0.191287878787879,0.207702020202021,0.224116161616162,0.239898989898991,0.255681818181819,0.27209595959596,0.288510101010102,0.304924242424243,0.320707070707071,0.335227272727273,0.347853535353536,0.359217171717172,0.368055555555556,0.376262626262626,0.382575757575757,0.390782828282828,0.396464646464646,0.400252525252524,0.399621212121211,0.395833333333332,0.389520202020201,0.382575757575757,0.375,0.366161616161616,0.357323232323232,0.349116161616162,0.34469696969697,0.340909090909091,0.338383838383839,0.335227272727273,0.333964646464647,0.337121212121212,0.343434343434344,0.351641414141414,0.360479797979798,0.370580808080808,0.381313131313131,0.388888888888888,0.393939393939393,0.397727272727272,0.404671717171717,0.414772727272727,0.427398989898989,0.438131313131312,0.448232323232322,0.456439393939393,0.46590909090909,0.4760101010101,0.489267676767676,0.50820707070707,0.530303030303029,0.552398989898989,0.571969696969696,0.589646464646464,0.607323232323232,0.623737373737373,0.637626262626262,0.650883838383837,0.662878787878787,0.674242424242423,0.682449494949494,0.688762626262625,0.691919191919191,0.695075757575756,0.696969696969696,0.700126262626262,0.700126262626262,0.698863636363635,0.69570707070707,0.691919191919191,0.688762626262625,0.686868686868686,0.686237373737373,0.683712121212121,0.680555555555555,0.677398989898989,0.678030303030302,0.681818181818181,0.690656565656565,0.701388888888889,0.715277777777778,0.731060606060606,0.74810606060606,0.767045454545455,0.787247474747475,0.809974747474748,0.83459595959596,0.858585858585859,0.879419191919192,0.89520202020202,0.907828282828283,0.922979797979798,0.93939393939394,0.95770202020202,0.974747474747475,0.988636363636364,1
2024-05-23 10:45:00,"e16",16,1,0.964989059080964,0.964989059080964,0.958424507658647,0.951859956236327,0.947483588621449,0.94310722100657,0.94310722100657,0.951859956236327,0.971553610503286,0.991247264770243,1,1,0.995623632385122,0.997811816192561,0.995623632385122,0.986870897155363,0.967177242888403,0.938730853391685,0.903719912472647,0.859956236323853,0.811816192560177,0.768052516411383,0.739606126914665,0.717724288840266,0.704595185995627,0.687089715536106,0.671772428884025,0.656455142231947,0.649890590809625,0.649890590809625,0.654266958424503,0.654266958424503,0.656455142231942,0.658643326039381,0.663019693654264,0.660831509846825,0.652078774617064,0.645514223194746,0.643326039387307,0.641137855579868,0.632385120350109,0.62363238512035,0.61269146608315,0.601750547045952,0.582056892778992,0.560175054704596,0.529540481400439,0.503282275711162,0.477024070021883,0.448577680525165,0.415754923413568,0.382932166301972,0.363238512035013,0.345733041575495,0.336980306345733,0.332603938730855,0.343544857768056,0.358862144420134,0.380743982494533,0.402625820568931,0.426695842450771,0.455142231947489,0.485776805251647,0.51422319474836,0.527352297593,0.529540481400439,0.525164113785561,0.525164113785561,0.520787746170682,0.51422319474836,0.503282275711162,0.494529540481399,0.487964989059079,0.47921225382932,0.468271334792117,0.466083150984676,0.477024070021874,0.498905908096272,0.520787746170668,0.531728665207869,0.531728665207869,0.522975929978107,0.512035010940909,0.498905908096272,0.48577680525163,0.472647702406989,0.466083150984671,0.452954048140034,0.431072210065635,0.3960612691466,0.358862144420123,0.326039387308526,0.304157549234128,0.295404814004371,0.286652078774614,0.269146608315097,0.238512035010939,0.205689277899343,0.170678336980302,0.135667396061267,0.0962800875273504,0.0590809628008733,0.0284463894967159,0.0109409190371957,0.00437636761487829,0,0.00875273522975892,0.0328227571115989,0.0700218818380783,0.115973741794312,0.155361050328228,0.194748358862147,0.231947483588624,0.27352297592998,0.310722100656459,0.336980306345738,0.354485776805256,0.365426695842456,0.365426695842456,0.356673960612693,0.350109409190373,0.345733041575495,0.350109409190373,0.361050328227571,0.38293216630197,0.411378555798688,0.439824945295406,0.459518599562363,0.468271334792124,0.468271334792124,0.472647702407002,0.481400437636764,0.487964989059086,0.485776805251647,0.477024070021885,0.459518599562368,0.439824945295408,0.41794310722101,0.402625820568931,0.402625820568931,0.417943107221008,0.448577680525167,0.477024070021885,0.501094091903725,0.520787746170682,0.540481400437637,0.557986870897157,0.579868708971553,0.597374179431074,0.61269146608315,0.614879649890589,0.60612691466083,0.584245076586432,0.557986870897157,0.536105032822759,0.520787746170678,0.50765864332604,0.492341356673964,0.481400437636764,0.470459518599566,0.461706783369807,0.446389496717726,0.435448577680528,0.433260393873084,0.439824945295406,0.446389496717723,0.450765864332604,0.450765864332604,0.452954048140046,0.457330415754928,0.463894967177248,0.468271334792129,0.470459518599568,0.479212253829329,0.492341356673967,0.501094091903725,0.496717724288847,0.48358862144421,0.470459518599573,0.461706783369816,0.452954048140055
2024-07-17 14:00:00,"e17",17,2,0.000542299349241007,0,0.00379609544468564,0.0113882863340567,0.0211496746203907,0.0330802603036879,0.0471800433839484,0.0629067245119309,0.079718004338395,0.0970715835141,0.116052060737528,0.136117136659436,0.156182212581345,0.175704989154013,0.195227765726681,0.214208242950109,0.233731019522777,0.253253796095445,0.273861171366594,0.295010845986985,0.318872017353579,0.344360086767896,0.369305856832971,0.393167028199566,0.414859002169197,0.434924078091106,0.45173535791757,0.466919739696312,0.482646420824295,0.499457700650759,0.516811279826463,0.53524945770065,0.554229934924077,0.573210412147505,0.591648590021691,0.610629067245119,0.630151843817787,0.649132321041214,0.668655097613882,0.690347071583513,0.712581344902385,0.732646420824294,0.748915401301517,0.761930585683296,0.770065075921908,0.775488069414316,0.780911062906724,0.787960954446854,0.79934924078091,0.81344902386117,0.828633405639912,0.84110629067245,0.849240780911062,0.856290672451192,0.862798264642081,0.870390455531452,0.878524945770063,0.886659436008675,0.893167028199565,0.898047722342732,0.898047722342732,0.89642082429501,0.893709327548805,0.892082429501083,0.890997830802602,0.888286334056398,0.885032537960953,0.879067245119305,0.872017353579175,0.862798264642081,0.850867678958784,0.835140997830801,0.815618221258133,0.79284164859002,0.768980477223426,0.74349240780911,0.716919739696311,0.689804772234272,0.664316702819955,0.640455531453361,0.618221258134488,0.597071583514098,0.578633405639912,0.560737527114966,0.545010845986983,0.529826464208241,0.51518438177874,0.498915401301517,0.482104121475053,0.464208242950108,0.445227765726681,0.425704989154013,0.407266811279826,0.390997830802603,0.376355748373102,0.364967462039045,0.356290672451193,0.349240780911063,0.342190889370933,0.338394793926248,0.338394793926248,0.342733188720174,0.346529284164859,0.350325379609545,0.352494577006508,0.355748373101953,0.36062906724512,0.366052060737528,0.373101952277658,0.382863340563992,0.396963123644252,0.413232104121475,0.43058568329718,0.448481561822126,0.468546637744034,0.489696312364425,0.51409978308026,0.541214750542299,0.56941431670282,0.59761388286334,0.619848156182212,0.636117136659436,0.648047722342733,0.661605206073753,0.676789587852495,0.692516268980477,0.70824295010846,0.723427331887202,0.739154013015185,0.753796095444686,0.770065075921909,0.78524945770065,0.804229934924078,0.82700650759219,0.851409978308026,0.871475054229935,0.887744034707158,0.904013015184381,0.920824295010846,0.938720173535791,0.953904555314533,0.966919739696312,0.975054229934924,0.982104121475054,0.986984815618221,0.991865509761388,0.995661605206074,0.998915401301519,1,0.998373101952278,0.995661605206073,0.992407809110629,0.987527114967462,0.981019522776572,0.97234273318872,0.962039045553145,0.950108459869848,0.933839479392624,0.914859002169197,0.893709327548807,0.872559652928416,0.848156182212581,0.821041214750543,0.7912147505423,0.760845986984816,0.727765726681128,0.693600867678959,0.65997830802603,0.627982646420824,0.598156182212581,0.56941431670282,0.541757049891539,0.515184381778741,0.491323210412147,0.469631236442515,0.449566160520607,0.428958785249457,0.409436008676789,0.389370932754881,0.368763557483731,0.346529284164859
2024-08-19 10:15:00,"e18",18,2,0.402277039848198,0.373181530676787,0.344086021505377,0.316255534471854,0.291587602783049,0.270714737507907,0.252371916508539,0.23719165085389,0.223908918406073,0.213788741302973,0.204933586337761,0.196710942441493,0.186590765338394,0.176470588235294,0.165717900063251,0.156862745098039,0.148007590132828,0.140417457305503,0.133459835547122,0.125869702719797,0.118912080961416,0.110689437065148,0.101201771030993,0.0910815939278934,0.0834914611005689,0.0803289057558504,0.0809614168247939,0.0841239721695124,0.0904490828589495,0.0999367488931048,0.111954459203036,0.126502213788741,0.144212523719165,0.166350411132195,0.193548387096774,0.222643896268184,0.253004427577482,0.282732447817837,0.313092979127135,0.344086021505376,0.374446552814674,0.401644528779254,0.424414927261228,0.44528779253637,0.465528146742568,0.483238456672992,0.500316255534473,0.51865907653384,0.542694497153701,0.566729917773561,0.591397849462366,0.612903225806452,0.636306135357369,0.662871600253004,0.693864642631246,0.724857685009487,0.753320683111954,0.779886148007589,0.80392156862745,0.825426944971536,0.839974699557241,0.853257432005059,0.862745098039215,0.874130297280202,0.881720430107526,0.886780518659076,0.888678051865907,0.888678051865907,0.886780518659076,0.88235294117647,0.875395319418089,0.866540164452877,0.857685009487665,0.84819734345351,0.839974699557241,0.830487033523085,0.821631878557873,0.811511701454774,0.800126502213787,0.788741302972801,0.77672359266287,0.764073371283996,0.750790638836178,0.736242884250474,0.721062618595825,0.702719797596458,0.682479443390259,0.659709044908286,0.633776091081594,0.603415559772296,0.567994939911448,0.527514231499051,0.485768500948767,0.444022770398482,0.403542061986085,0.363061353573688,0.32258064516129,0.28336495888678,0.245414294750158,0.208728652751423,0.175205566097407,0.146110056925997,0.123972169512967,0.107526881720431,0.0942441492726126,0.0828589500316261,0.0708412397216954,0.0607210626185962,0.0512333965844406,0.0449082858950035,0.0385831752055664,0.034788108791904,0.0297280202403543,0.0246679316888045,0.0164452877925362,0.0088551549652118,0.00253004427577504,0,0.000632511068943845,0.00316255534471855,0.00632511068943676,0.00948766603415531,0.0158127767235924,0.0234029095509168,0.0347881087919037,0.046805819101834,0.0607210626185956,0.0746363061353571,0.0910815939278934,0.109424414927261,0.130929791271347,0.154332700822264,0.180265654648957,0.207463630613536,0.235294117647059,0.264389626818469,0.295382669196711,0.328905755850728,0.364958886780519,0.401644528779254,0.437065148640102,0.469955724225175,0.500316255534473,0.528146742567996,0.553447185325744,0.576850094876661,0.599620493358635,0.623023402909552,0.645161290322581,0.666034155597723,0.685009487666035,0.703984819734346,0.722960151802656,0.742567994939911,0.764073371283997,0.788108791903858,0.81404174573055,0.839342188488298,0.862112586970271,0.880455407969639,0.895635673624288,0.908285895003162,0.919671094244149,0.929791271347248,0.940543959519291,0.951296647691335,0.960151802656547,0.96584440227704,0.970271979759646,0.975964579380139,0.981024667931689,0.986717267552182,0.991777356103732,0.997469955724225,1,0.998734977862113,0.991144845034788,0.979759645793801,0.965211891208096,0.950664136622391,0.93358633776091
2023-10-16 14:30:00,"e19",19,2,0.0920658682634782,0.0875748502994038,0.0845808383233577,0.0845808383233577,0.0868263473053932,0.0868263473053932,0.0823353293413222,0.0748502994012017,0.0673652694610812,0.0598802395209607,0.0501497005988013,0.0381736526946098,0.0261976047904184,0.0187125748502979,0.0119760479041915,0.00673652694610641,0.00224550898203547,0,0.00149700598802479,0.00449101796407435,0.00898203592814871,0.0119760479041983,0.0164670658682726,0.0254491017964145,0.0396706586826449,0.0568862275449179,0.0763473053892299,0.0995508982036021,0.127994011976056,0.160928143712581,0.195359281437134,0.230538922155694,0.267215568862282,0.306886227544917,0.350299401197612,0.394461077844317,0.436377245508991,0.47380239520959,0.507485029940129,0.535928143712583,0.559880239520966,0.581586826347317,0.604041916167675,0.625000000000012,0.644461077844323,0.660928143712586,0.675149700598816,0.684131736526958,0.688622754491032,0.691616766467079,0.695359281437139,0.699101796407199,0.700598802395224,0.695359281437139,0.684880239520969,0.669910179640728,0.65119760479043,0.631736526946118,0.610778443113781,0.589820359281448,0.568113772455097,0.544910179640725,0.521706586826353,0.499251497005994,0.479041916167672,0.461826347305395,0.446107784431147,0.434131736526956,0.426646706586835,0.420658682634739,0.41467065868264,0.407934131736534,0.403443113772463,0.401197604790427,0.400449101796413,0.400449101796413,0.401197604790424,0.404940119760484,0.41092814371258,0.4184131736527,0.422904191616771,0.427395209580846,0.432634730538931,0.439371257485037,0.443862275449108,0.445359281437133,0.443113772455094,0.438622754491023,0.429640718562881,0.417664670658686,0.40419161676647,0.389221556886229,0.373502994011977,0.356287425149704,0.337574850299403,0.318862275449102,0.29940119760479,0.280688622754488,0.262724550898201,0.244011976047903,0.226796407185627,0.20958083832335,0.192365269461077,0.172904191616765,0.153443113772453,0.133233532934131,0.11826347305389,0.105538922155688,0.0988023952095812,0.0943113772455068,0.0935628742514962,0.0965568862275423,0.103293413173649,0.11526946107784,0.133982035928141,0.159431137724549,0.190119760479038,0.225299401197602,0.258982035928144,0.291916167664669,0.323353293413173,0.354790419161676,0.385479041916169,0.414670658682633,0.445359281437126,0.476047904191615,0.503742514970059,0.529191616766466,0.552395209580838,0.577095808383232,0.604790419161675,0.633982035928143,0.6624251497006,0.687874251497005,0.712574850299402,0.740269461077845,0.768712574850302,0.799401197604791,0.82934131736527,0.859281437125752,0.887724550898206,0.910928143712578,0.928892215568865,0.942365269461082,0.955838323353294,0.970808383233535,0.985778443113773,0.995508982035929,1,0.99625748502994,0.988023952095805,0.974550898203589,0.957335329341312,0.939371257485025,0.919161676646703,0.900449101796405,0.880239520958082,0.86077844311377,0.839071856287423,0.820359281437125,0.803892215568862,0.793413173652696,0.78368263473054,0.777694610778444,0.773952095808384,0.771706586826348,0.770209580838323,0.769461077844313,0.771706586826352,0.773203592814376,0.773952095808387,0.770958083832341,0.767215568862281,0.75898203592815,0.751497005988029,0.742514970059884,0.738023952095813,0.733532934131742,0.731287425149706,0.725299401197611,0.71706586826348
2023-11-21 16:30:00,"e20",20,1,0.696883852691209,0.694050991501407,0.69617563739376,0.698300283286111,0.69759206798866,0.691926345609055,0.685552407932002,0.678470254957499,0.675637393767697,0.677053824362599,0.683427762039651,0.69617563739376,0.713881019830019,0.734419263456082,0.753541076487245,0.77478753541076,0.800991501416428,0.832152974504248,0.86543909348442,0.898016997167138,0.927762039660057,0.953257790368273,0.975212464589237,0.990084985835696,0.9985835694051,1,0.997875354107649,0.990793201133146,0.978045325779039,0.959631728045328,0.935552407932015,0.907223796033996,0.874645892351276,0.840651558073653,0.805240793201133,0.771246458923509,0.736543909348438,0.703257790368268,0.672096317280451,0.644475920679885,0.619688385269119,0.594900849858354,0.570821529745037,0.547450424929174,0.52337110481586,0.497167138810194,0.468130311614726,0.439801699716708,0.417138810198294,0.399433427762034,0.384560906515575,0.368980169971667,0.353399433427758,0.341359773371099,0.332152974504244,0.327903682719543,0.329320113314443,0.3371104815864,0.352691218130309,0.37322946175637,0.397308781869687,0.424220963172804,0.453966005665723,0.488668555240794,0.527620396600569,0.569405099150143,0.612606232294618,0.653682719546744,0.69334277620397,0.73016997167139,0.761331444759212,0.784702549575075,0.800283286118984,0.809490084985841,0.813739376770543,0.812322946175641,0.803824362606236,0.788243626062326,0.764872521246463,0.734419263456095,0.69475920679887,0.64730878186969,0.594192634560908,0.543201133144479,0.494334277620401,0.451841359773375,0.409348441926349,0.366855524079322,0.325779036827196,0.288243626062323,0.257082152974505,0.231586402266289,0.212464589235127,0.199008498583567,0.189801699716713,0.179178470254957,0.16784702549575,0.151558073654391,0.136685552407931,0.126770538243624,0.123229461756375,0.121104815864023,0.117563739376772,0.11331444759207,0.114022662889522,0.120396600566578,0.134560906515588,0.15368271954675,0.175637393767711,0.199008498583574,0.221671388101987,0.241501416430601,0.25708215297451,0.273371104815869,0.29107648725213,0.310198300283291,0.326487252124651,0.337818696883857,0.343484419263459,0.345609065155812,0.347733711048164,0.351274787535417,0.357648725212469,0.366147308781876,0.376770538243634,0.38597733711049,0.390934844192644,0.389518413597742,0.378895184135988,0.364730878186979,0.347025495750718,0.329320113314459,0.309490084985845,0.289660056657233,0.267705382436269,0.243626062322952,0.215297450424936,0.183427762039665,0.149433427762043,0.119688385269124,0.0984419263456106,0.0800283286118987,0.0601983002832867,0.0389518413597731,0.0212464589235136,0.00849858356940513,0.00212464589235249,0,0,0.00283286118980171,0.0113314447592085,0.0247875354107678,0.0403682719546764,0.0601983002832867,0.0892351274787546,0.127478753541079,0.168555240793204,0.208215297450426,0.244334277620398,0.27832861189802,0.314447592067993,0.350566572237964,0.385269121813034,0.414305949008502,0.440509915014168,0.463881019830033,0.482294617563743,0.4915014164306,0.490084985835699,0.480878186968845,0.467422096317285,0.452549575070824,0.436968838526914,0.422804532577905,0.4114730878187,0.402266288951846,0.392351274787539,0.378895184135981,0.36189801699717,0.342776203966008,0.325779036827196
2023-12-18 10:45:00,"e21",21,1,0.874608150470223,0.873563218390808,0.863113897596659,0.844305120167193,0.823406478578896,0.799373040752354,0.774294670846395,0.745036572622778,0.710553814002088,0.673981191222567,0.636363636363634,0.598746081504698,0.562173458725179,0.522466039707417,0.483803552769068,0.445141065830719,0.407523510971785,0.368861024033436,0.329153605015672,0.291536050156736,0.254963427377217,0.220480668756525,0.188087774294664,0.160919540229879,0.136886102403339,0.119122257053284,0.107628004179722,0.0992685475444006,0.0888192267502512,0.0752351097178579,0.0647857889237108,0.058516196447223,0.0595611285266361,0.0658307210031286,0.0825496342737658,0.106583072100306,0.142110762800411,0.187042842215251,0.23824451410658,0.294670846394982,0.355276907001043,0.424242424242423,0.493207941483802,0.556948798328107,0.61128526645768,0.658307210031346,0.69801462904911,0.729362591431556,0.751306165099268,0.764890282131661,0.772204806687562,0.779519331243468,0.786833855799371,0.79101358411703,0.789968652037617,0.788923719958202,0.788923719958202,0.788923719958202,0.778474399164055,0.759665621734587,0.727272727272725,0.684430512016717,0.631138975966559,0.569487983281083,0.502612330198531,0.435736677115983,0.370950888192262,0.308254963427373,0.245559038662481,0.185997910135838,0.135841170323926,0.0961337513061615,0.0700104493207903,0.0522466039707401,0.0417972831765906,0.032392894461859,0.0261233019853712,0.0208986415882965,0.0219435736677095,0.0292580982236151,0.0501567398119092,0.0825496342737706,0.12852664576802,0.185997910135838,0.252873563218386,0.329153605015669,0.410658307210027,0.497387669801457,0.586206896551717,0.673981191222565,0.756530825496338,0.832810867293623,0.898641588296759,0.951933124346914,0.986415882967607,1,0.998955067920585,0.985370950888191,0.966562173458726,0.945663531870429,0.926854754440961,0.911180773249739,0.894461859979102,0.873563218390803,0.846394984326019,0.811912225705329,0.774294670846395,0.734587251828631,0.68652037617555,0.630094043887146,0.564263322884013,0.497387669801464,0.427377220480671,0.356321839080463,0.285266457680253,0.214211076280044,0.147335423197493,0.0888192267502631,0.0449320794148393,0.0156739811912218,0.00208986415882846,0,0.00731452455590318,0.0167189132706348,0.0282131661441949,0.038662486938342,0.0522466039707329,0.0700104493207855,0.0950888192267413,0.122257053291528,0.148380355276899,0.173458725182855,0.20271682340647,0.237199582027162,0.274817136886096,0.313479623824445,0.351097178683379,0.390804597701146,0.43051201671891,0.473354231974919,0.514106583072096,0.554858934169276,0.591431556948797,0.624869383490071,0.647857889237199,0.66353187042842,0.671891327063741,0.673981191222572,0.6687565308255,0.655172413793107,0.639498432601882,0.620689655172414,0.602925809822364,0.584117032392896,0.567398119122256,0.549634273772204,0.535005224660395,0.519331243469173,0.49947753396029,0.473354231974919,0.442006269592473,0.409613375130614,0.375130616509924,0.340647857889234,0.305120167189129,0.269592476489024,0.229885057471259,0.192267502612325,0.157784743991633,0.133751306165093,0.1201671891327,0.119122257053284,0.134796238244508,0.164054336468123,0.202716823406472,0.245559038662481,0.290491118077318,0.338557993730403,0.39393939393939,0.453500522466035,0.515151515151512
2024-01-19 12:45:00,"e22",22,2,0.5096463022508,0.484726688102889,0.450964630225076,0.413183279742761,0.365755627009644,0.315112540192924,0.2588424437299,0.20257234726688,0.147909967845658,0.0980707395498371,0.0570739549839224,0.0265273311897084,0.00803858520900022,0,0.00321543408360302,0.00964630225080539,0.0217041800643112,0.0369774919614201,0.0602893890675254,0.0900321543408369,0.126205787781354,0.165594855305467,0.205787781350487,0.241961414791001,0.279742765273316,0.315112540192931,0.349678456591643,0.381028938906752,0.411575562700966,0.438102893890679,0.458199356913185,0.47025723472669,0.476688102893893,0.480707395498395,0.485530546623796,0.492765273311901,0.493569131832799,0.490353697749196,0.483922829581994,0.481511254019294,0.479903536977492,0.481511254019294,0.483922829581994,0.491961414790998,0.504019292604504,0.51848874598071,0.532154340836014,0.540192926045018,0.545819935691317,0.549839228295819,0.555466237942123,0.557073954983924,0.551446945337625,0.536977491961418,0.520096463022512,0.500803858520904,0.479099678456597,0.454983922829585,0.427652733118978,0.399517684887468,0.371382636655958,0.345659163987149,0.32234726688104,0.303054662379432,0.291800643086826,0.290996784565927,0.295819935691327,0.303054662379432,0.308681672025732,0.315916398713837,0.32717041800644,0.346463022508048,0.37299035369776,0.407556270096472,0.449356913183289,0.501607717041811,0.557877813504831,0.615755627009655,0.672025723472675,0.726688102893897,0.779742765273314,0.828778135048236,0.871382636655953,0.909163987138268,0.944533762057879,0.976688102893891,0.998392282958198,1,0.986334405144693,0.959003215434082,0.924437299035369,0.882636655948556,0.835209003215435,0.784565916398715,0.734726688102894,0.684083601286174,0.629421221864952,0.567524115755632,0.500803858520904,0.438102893890682,0.379421221864962,0.33038585209004,0.286173633440526,0.250000000000008,0.219453376205798,0.193729903536988,0.168006430868179,0.143890675241167,0.120578778135062,0.101286173633451,0.0900321543408479,0.0892282958199453,0.102893890675253,0.12459807073956,0.154340836012872,0.185691318327985,0.218649517684895,0.253215434083608,0.290996784565923,0.328778135048238,0.365755627009651,0.401125401929266,0.436495176848881,0.471864951768492,0.505627009646305,0.534565916398718,0.557073954983924,0.575562700964632,0.59485530546624,0.614147909967847,0.632636655948555,0.65032154340836,0.671221864951769,0.695337620578781,0.717845659163987,0.733118971061096,0.738745980707396,0.740353697749197,0.742765273311898,0.747588424437302,0.752411575562707,0.755627009646306,0.758038585209007,0.757234726688108,0.749196141479104,0.732315112540197,0.709807073954991,0.682475884244376,0.652733118971065,0.61736334405145,0.577974276527333,0.532958199356916,0.485530546623796,0.438102893890679,0.388263665594861,0.338424437299044,0.289389067524121,0.246784565916405,0.209807073954993,0.18327974276528,0.165594855305475,0.157556270096471,0.156752411575572,0.163183279742778,0.173633440514479,0.186495176848883,0.204180064308693,0.229099678456603,0.262057877813514,0.300643086816728,0.345659163987149,0.394694533762063,0.446945337620585,0.502411575562706,0.558681672025729,0.615755627009648,0.672829581993571,0.729903536977493,0.784565916398711,0.83360128617363,0.879421221864945
2024-02-21 10:15:00,"e23",23,1,0.857212419948991,0.865229102567084,0.872100544811165,0.878971987055244,0.884698188925311,0.88813391004735,0.888706530234359,0.887561289860345,0.885843429299325,0.882980328364291,0.87954460724225,0.872673164998171,0.862938621819058,0.847477876769878,0.825145689476617,0.795942059939277,0.763302709279895,0.730663358620516,0.698596628148142,0.666529897675766,0.633890547016386,0.602396436731019,0.571474946632659,0.542843937282324,0.518793889428044,0.503905764565869,0.49875218288281,0.50218790400485,0.511349826996957,0.522229610550083,0.533109394103209,0.544561797843344,0.558304682331507,0.574910667754698,0.59380713392592,0.614994080845167,0.6350357873904,0.651069152626589,0.662521556366723,0.672256099545838,0.680845402350937,0.690579945530052,0.69916924833515,0.707185930953243,0.712912132823311,0.718065714506372,0.722074055815417,0.725509776937457,0.729518118246504,0.737534800864597,0.750132444978746,0.76502056984092,0.779336074516086,0.791361098443226,0.804531362744381,0.818274247232541,0.832017131720704,0.84289691527383,0.854349319013965,0.86408386219308,0.872100544811173,0.871527924624167,0.86408386219308,0.8486231171439,0.830871891346692,0.814265905923496,0.79823254068731,0.781053935077108,0.762157468905889,0.739825281612628,0.714057373197327,0.686571604221004,0.662521556366723,0.64591557094353,0.637326268138431,0.637326268138431,0.641907229634484,0.647633431504552,0.653359633374619,0.660803695805706,0.669392998610805,0.683708503285973,0.703177589644201,0.726655017311473,0.747841964230721,0.76673843040194,0.783344415825136,0.799377781061322,0.816556386671524,0.836025473029751,0.860648141071041,0.888133910047361,0.917910159771709,0.943678068187012,0.964292394919251,0.980898380342445,0.994641264830608,1,0.990318712351511,0.962313578718808,0.920933027298618,0.871687691216045,0.817861393637416,0.761171995123755,0.702192115862067,0.64263961641337,0.582514496777668,0.522961997328974,0.464554738254292,0.411095907376338,0.36866875800722,0.338839252752249,0.316086343227689,0.292036295373408,0.263405286023073,0.230765935363691,0.197553964517304,0.166059854231938,0.13800146506861,0.111088316279295,0.086465648238006,0.0652787013187614,0.0458096149605338,0.0286310093503343,0.0137428844881601,0.00400834130904769,0,0.000572620187005694,0.00572620187006738,0.0125976441141461,0.0223321872932612,0.0360750717814214,0.0543989177656349,0.0767311050588961,0.104216874035216,0.135138364133579,0.167205094605952,0.200989685639346,0.235346896859747,0.273712449389194,0.311505381731635,0.35044355444809,0.386518626229512,0.420303217262905,0.450079466987253,0.47470213502854,0.494171221386765,0.509631966435945,0.526237951859139,0.542843937282332,0.559449922705526,0.572047566819675,0.581782109998787,0.589226172429877,0.593234513738922,0.593807133925928,0.589226172429877,0.58178210999879,0.570329706258658,0.558304682331517,0.542843937282338,0.523947471111116,0.498179562695815,0.468975933158473,0.440917543995147,0.415722255766852,0.397398409782638,0.382510284920464,0.370485260993324,0.356742376505163,0.340709011268975,0.32295778547177,0.308069660609596,0.300052977991503,0.302343458739528,0.310360141357624,0.317231583601703,0.318376823975717,0.312078001918644,0.303488699113545,0.298907737617489
2024-03-20 10:00:00,"e24",24,2,0,0.00552868002764338,0.0110573600552868,0.018659295093296,0.0276434001382169,0.0380096751900462,0.0504492052522446,0.0649619903248089,0.0822391154111932,0.100207325501035,0.117484450587421,0.133379405666895,0.152038700760191,0.1720801658604,0.192121630960607,0.209398756046992,0.222529371112647,0.234277816171389,0.241879751209399,0.248099516240498,0.250863856254318,0.253628196268139,0.25501036627505,0.256392536281961,0.253628196268139,0.246717346233584,0.237733241188665,0.227366966136833,0.219073946095366,0.212854181064268,0.210780926053901,0.211472011057355,0.212854181064268,0.214927436074634,0.217691776088456,0.221147201105733,0.225293711126465,0.230822391154107,0.237733241188662,0.247408431237039,0.258465791292325,0.27159640635798,0.284727021423632,0.299239806496197,0.313061506565305,0.326192121630959,0.338631651693156,0.351071181755353,0.365583966827917,0.380096751900481,0.39391845196959,0.405666897028332,0.416724257083619,0.426399447131996,0.436074637180372,0.441603317208016,0.447131997235659,0.450587422252937,0.454733932273668,0.458880442294402,0.460953697304769,0.460953697304769,0.458880442294402,0.459571527297856,0.463026952315134,0.467864547339321,0.470628887353143,0.473393227366964,0.473393227366964,0.472702142363507,0.468555632342774,0.463718037318586,0.458880442294397,0.456116102280577,0.454733932273665,0.450587422252934,0.442294402211469,0.432619212163092,0.425017277125083,0.421561852107805,0.421561852107805,0.423635107118173,0.42709053213545,0.430545957152728,0.434692467173461,0.43953006219765,0.445058742225293,0.452660677263303,0.463026952315135,0.473393227366966,0.484450587422253,0.493434692467172,0.505183137525916,0.519004837595026,0.537664132688322,0.559778852798896,0.584657912923292,0.610919143054599,0.63787145818936,0.664132688320669,0.687629578438152,0.710435383552182,0.731190633144571,0.750909964994325,0.765791701819894,0.777886399142914,0.786870504187833,0.7951635242293,0.800692204256941,0.804147629274219,0.805529799281129,0.804838714277673,0.804147629274217,0.80207437426385,0.800669504768214,0.798918383008298,0.799240516258751,0.800967519004838,0.80373185901866,0.800276434001383,0.794056668970283,0.785072563925363,0.777470628887353,0.769177608845887,0.760193503800967,0.749827228749136,0.739460953697307,0.72978576364893,0.721492743607465,0.711817553559089,0.702142363510712,0.697304768486524,0.696613683483069,0.697995853489979,0.698686938493434,0.701451278507256,0.704215618521078,0.70974429854872,0.716655148583275,0.726330338631651,0.736696613683481,0.749136143745679,0.764340013821698,0.780926053904628,0.799585348997924,0.820317899101587,0.843814789219071,0.867311679336556,0.892881824464407,0.915687629578436,0.9364201796821,0.954388389771941,0.970283344851416,0.984105044920524,0.993089149965445,0.999308914996544,1,0.996544574982723,0.989633724948171,0.982722874913616,0.975812024879061,0.970283344851417,0.96544574982723,0.961990324809954,0.959917069799588,0.95784381478922,0.953006219765033,0.94402211472011,0.932964754664822,0.921216309606078,0.910158949550791,0.899792674498959,0.890808569454038,0.883206634416029,0.874222529371106,0.861782999308909,0.846579129232891,0.832066344160327,0.821700069108494,0.818935729094671,0.822391154111948
2024-05-14 14:15:00,"e25",25,2,0.671368124118483,0.630465444287733,0.583921015514812,0.535966149506351,0.486600846262347,0.440056417489425,0.392101551480961,0.341325811001411,0.294781382228493,0.253878702397745,0.220028208744712,0.18617771509168,0.16220028208745,0.148095909732021,0.143864598025393,0.139633286318763,0.135401974612134,0.13399153737659,0.141043723554309,0.162200282087453,0.200282087447114,0.249647390691121,0.303244005641756,0.352609308885762,0.397743300423138,0.438645980253884,0.475317348378003,0.516220028208751,0.559943582510586,0.603667136812422,0.63610719322991,0.655853314527516,0.660084626234146,0.655853314527516,0.643159379407626,0.62623413258111,0.606488011283506,0.585331452750364,0.568406205923849,0.558533145275047,0.554301833568417,0.552891396332872,0.550070521861784,0.545839210155155,0.538787023977439,0.528913963328637,0.519040902679835,0.513399153737663,0.511988716502119,0.513399153737663,0.511988716502118,0.50352609308886,0.489421720733428,0.471086036671368,0.452750352609308,0.434414668547248,0.414668547249644,0.390691114245414,0.36530324400564,0.34132581100141,0.315937940761635,0.289139633286317,0.259520451339913,0.231311706629052,0.207334273624821,0.191819464033851,0.184767277856138,0.177715091678424,0.172073342736253,0.167842031029625,0.17066290550071,0.179125528913966,0.193229901269395,0.210155148095909,0.227080394922427,0.244005641748943,0.253878702397746,0.253878702397745,0.245416078984487,0.234132581100139,0.220028208744708,0.203102961918192,0.186177715091674,0.167842031029616,0.149506346967559,0.128349788434413,0.111424541607895,0.0973201692524635,0.0888575458392039,0.081805359661488,0.0733427362482284,0.0634696755994297,0.0564174894217155,0.0507757404795435,0.0451339915373714,0.0366713681241134,0.0296191819463975,0.0239774330042271,0.0197461212975989,0.0141043723554269,0.00846262341325644,0.00282087447108602,0,0,0,0.00423131170662983,0.00282087447108602,0.00423131170662822,0.0014104372355422,0.00564174894217042,0.0141043723554301,0.0282087447108618,0.0507757404795499,0.0818053596614961,0.118476727785616,0.159379407616364,0.203102961918198,0.248236953455574,0.290550070521866,0.330042313117072,0.372355430183362,0.416078984485198,0.45839210155149,0.49647390691115,0.520451339915382,0.5373765867419,0.547249647390698,0.557122708039499,0.565585331452755,0.574047954866013,0.593794076163615,0.619181946403391,0.645980253878711,0.668547249647399,0.685472496473915,0.702397743300432,0.724964739069121,0.750352609308895,0.778561354019755,0.805359661495075,0.829337094499306,0.850493653032452,0.861777150916796,0.864598025387882,0.858956276445709,0.849083215796907,0.840620592383647,0.833568406205931,0.82792665726376,0.825105782792675,0.826516220028217,0.826516220028217,0.826516220028217,0.826516220028217,0.830747531734846,0.836389280677016,0.840620592383647,0.840620592383647,0.842031029619191,0.840620592383649,0.843441466854735,0.842031029619191,0.840620592383649,0.837799717912563,0.836389280677021,0.833568406205935,0.832157968970393,0.834978843441479,0.846262341325819,0.864598025387878,0.88575458392102,0.911142454160795,0.929478138222853,0.946403385049367,0.953455571227082,0.961918194640338,0.967559943582508,0.974612129760223,0.981664315937935,0.991537376586739,1
2024-07-17 14:00:00,"e26",26,2,0.00476190476190585,0.000680272108843914,0,0.00204081632653019,0.00680272108843604,0.0142857142857144,0.023809523809523,0.0306122448979591,0.0394557823129253,0.0503401360544217,0.0673469387755087,0.0829931972789125,0.0993197278911587,0.113605442176873,0.13061224489796,0.150340136054424,0.172789115646261,0.196598639455786,0.22244897959184,0.253061224489801,0.28571428571429,0.31836734693878,0.34897959183674,0.379591836734698,0.408843537414969,0.437414965986398,0.461224489795923,0.485034013605444,0.508163265306123,0.534693877551022,0.55918367346939,0.584353741496601,0.6108843537415,0.640136054421771,0.6687074829932,0.697278911564629,0.725850340136058,0.7530612244898,0.780952380952385,0.80680272108844,0.831292517006807,0.849659863945582,0.865986394557825,0.878911564625853,0.886394557823131,0.88979591836735,0.892517006802722,0.89795918367347,0.907482993197279,0.921768707482993,0.93809523809524,0.953061224489796,0.961224489795919,0.967346938775511,0.971428571428571,0.976870748299321,0.982993197278911,0.989795918367346,0.995918367346938,1,0.997959183673471,0.993877551020408,0.98843537414966,0.982993197278911,0.978231292517007,0.970748299319729,0.96326530612245,0.952380952380954,0.939455782312929,0.923129251700683,0.902721088435376,0.877551020408165,0.849659863945579,0.81700680272109,0.782993197278912,0.74829931972789,0.715646258503401,0.683673469387754,0.652380952380951,0.62312925170068,0.596598639455782,0.570748299319726,0.544217687074829,0.518367346938774,0.492517006802718,0.468707482993195,0.442857142857138,0.417006802721084,0.389115646258499,0.361904761904758,0.334013605442171,0.306122448979585,0.278911564625842,0.254421768707473,0.234013605442167,0.216326530612234,0.202721088435365,0.191156462585027,0.181632653061216,0.172789115646252,0.16666666666666,0.162585034013599,0.159183673469381,0.153741496598635,0.147619047619042,0.140816326530608,0.136734693877548,0.136734693877546,0.140136054421763,0.147619047619041,0.157823129251692,0.172789115646249,0.191836734693869,0.21496598639455,0.239455782312917,0.268027210884346,0.298639455782306,0.335374149659856,0.373469387755093,0.41088435374149,0.442176870748293,0.465306122448974,0.486394557823124,0.508843537414962,0.531292517006799,0.553061224489792,0.574829931972785,0.595918367346935,0.619047619047614,0.639455782312921,0.661904761904758,0.682312925170064,0.706802721088431,0.73537414965986,0.765306122448975,0.790476190476186,0.811564625850337,0.831292517006798,0.851700680272104,0.873469387755097,0.891836734693872,0.908163265306118,0.917687074829927,0.923809523809519,0.927210884353737,0.929931972789111,0.931972789115641,0.931972789115641,0.931292517006797,0.926530612244893,0.919727891156457,0.908163265306118,0.894557823129248,0.878231292517004,0.860544217687072,0.842176870748297,0.821768707482991,0.797278911564622,0.768707482993193,0.738095238095233,0.704761904761901,0.669387755102039,0.6312925170068,0.591836734693875,0.551700680272106,0.508843537414962,0.466666666666663,0.424489795918364,0.382312925170066,0.342176870748295,0.304081632653057,0.268707482993193,0.236054421768703,0.206802721088432,0.180272108843532,0.154421768707477,0.129251700680266,0.107482993197273,0.0863945578231244,0.0646258503401315,0.0428571428571387
2024-08-19 10:30:00,"e27",27,2,0.524418604651152,0.495348837209293,0.468604651162781,0.44593023255813,0.424418604651154,0.404069767441851,0.38197674418604,0.361046511627899,0.341279069767434,0.323837209302319,0.306395348837201,0.28779069767441,0.26918604651162,0.249418604651158,0.230232558139528,0.210465116279063,0.193604651162787,0.176744186046508,0.161046511627904,0.144767441860461,0.129651162790696,0.113372093023253,0.098837209302324,0.0860465116279064,0.0784883720930225,0.075,0.075,0.0784883720930225,0.0843023255813951,0.0936046511627903,0.106976744186044,0.125581395348834,0.149999999999997,0.179069767441858,0.211627906976741,0.245348837209299,0.277906976744184,0.309302325581392,0.3406976744186,0.37267441860465,0.404651162790695,0.434883720930228,0.463372093023252,0.488953488372089,0.512209302325578,0.533720930232555,0.555813953488367,0.579651162790692,0.606976744186041,0.636046511627901,0.665116279069762,0.693023255813947,0.720348837209296,0.749418604651158,0.779651162790694,0.809883720930228,0.836627906976738,0.861046511627901,0.883139534883714,0.902325581395343,0.916860465116272,0.926744186046506,0.934883720930226,0.94244186046511,0.949999999999994,0.956976744186042,0.961627906976739,0.962790697674414,0.961627906976739,0.957558139534879,0.949418604651158,0.939534883720925,0.93023255813953,0.924999999999995,0.922093023255808,0.918604651162786,0.912209302325577,0.901744186046508,0.889534883720927,0.878488372093019,0.869186046511624,0.859883720930229,0.850581395348834,0.839534883720927,0.827325581395346,0.811627906976742,0.792441860465113,0.769186046511625,0.743023255813949,0.713372093023251,0.681976744186042,0.64709302325581,0.60988372093023,0.57209302325581,0.53488372093023,0.498837209302324,0.461627906976744,0.422674418604651,0.383139534883723,0.345930232558142,0.313372093023256,0.285465116279071,0.260465116279072,0.238372093023256,0.217441860465119,0.197674418604651,0.17906976744186,0.161046511627906,0.144186046511627,0.128488372093023,0.115116279069767,0.100581395348838,0.0837209302325589,0.0651162790697686,0.0476744186046507,0.032558139534883,0.0220930232558154,0.0145348837209289,0.00872093023255628,0.00348837209302251,0,0.000581395348836202,0.00290697674418366,0.0104651162790675,0.0203488372093015,0.0337209302325554,0.0488372093023232,0.0680232558139523,0.0889534883720927,0.111627906976744,0.135465116279071,0.163372093023256,0.194186046511628,0.226162790697675,0.258139534883722,0.290116279069766,0.324418604651163,0.361046511627907,0.397093023255815,0.429069767441863,0.458139534883723,0.487209302325582,0.516279069767442,0.544186046511628,0.569186046511628,0.593604651162791,0.61860465116279,0.64360465116279,0.666279069767442,0.684883720930234,0.702906976744188,0.722093023255816,0.742441860465118,0.763372093023259,0.784883720930235,0.806395348837212,0.827906976744189,0.849418604651165,0.869767441860468,0.887209302325583,0.902325581395351,0.917441860465119,0.930813953488375,0.943604651162793,0.954651162790698,0.965116279069767,0.973255813953488,0.980232558139535,0.986627906976744,0.991279069767442,0.994186046511629,0.997093023255815,0.999418604651164,1,0.997674418604651,0.991279069767442,0.982558139534885,0.97093023255814,0.958139534883722,0.94186046511628,0.922674418604653
2023-10-03 11:30:00,"e28",28,3,0.855454545454564,0.866363636363651,0.878181818181843,0.88909090909093,0.900000000000024,0.912727272727298,0.925454545454563,0.937272727272739,0.941818181818193,0.940000000000015,0.931818181818196,0.921818181818198,0.912727272727282,0.907272727272738,0.900000000000017,0.890000000000019,0.876363636363649,0.858181818181832,0.835454545454553,0.809090909090918,0.783636363636379,0.757272727272744,0.730000000000011,0.700909090909107,0.670000000000018,0.637272727272741,0.606363636363644,0.581818181818187,0.565454545454548,0.558181818181827,0.558181818181827,0.565454545454548,0.578181818181822,0.599090909090906,0.625454545454542,0.65545454545455,0.688181818181826,0.72454545454546,0.762727272727279,0.799090909090912,0.833636363636367,0.866363636363643,0.897272727272733,0.925454545454547,0.949090909090907,0.966363636363642,0.977272727272729,0.984545454545459,0.991818181818181,0.996363636363635,1,1,0.998181818181822,0.994545454545457,0.989090909090905,0.980909090909086,0.970909090909089,0.958181818181823,0.946363636363632,0.934545454545448,0.92454545454545,0.914545454545453,0.902727272727276,0.8909090909091,0.878181818181827,0.863636363636368,0.848181818181827,0.830909090909091,0.811818181818186,0.793636363636369,0.775454545454552,0.760909090909093,0.740909090909082,0.720909090909087,0.699090909090905,0.680909090909089,0.663636363636353,0.649999999999991,0.639090909090896,0.63454545454545,0.637272727272718,0.646363636363634,0.65818181818181,0.669090909090905,0.683636363636348,0.699999999999987,0.7190909090909,0.737272727272717,0.758181818181809,0.782727272727266,0.81181818181817,0.837272727272724,0.851818181818176,0.855454545454541,0.855454545454541,0.856363636363638,0.854545454545459,0.848181818181819,0.841818181818186,0.83909090909091,0.836363636363643,0.822727272727272,0.792727272727272,0.754545454545452,0.724545454545444,0.704545454545449,0.690000000000005,0.670909090909091,0.652727272727274,0.639090909090912,0.629999999999996,0.620909090909095,0.611818181818179,0.608181818181814,0.615454545454536,0.629090909090899,0.64090909090909,0.64909090909091,0.654545454545453,0.659999999999996,0.663636363636369,0.663636363636369,0.659090909090915,0.651818181818193,0.646363636363642,0.643636363636374,0.640000000000001,0.636363636363636,0.631818181818182,0.629090909090914,0.626363636363639,0.627272727272736,0.631818181818182,0.640000000000001,0.649090909090917,0.656363636363639,0.660000000000012,0.661818181818191,0.663636363636369,0.664545454545458,0.661818181818191,0.651818181818193,0.637272727272734,0.617272727272738,0.594545454545468,0.567272727272735,0.538181818181831,0.508181818181823,0.474545454545465,0.436363636363646,0.395454545454558,0.35545454545456,0.320000000000008,0.288181818181829,0.258181818181821,0.230000000000007,0.204545454545468,0.184545454545473,0.168181818181835,0.153636363636383,0.140909090909118,0.126363636363658,0.11000000000002,0.0909090909091066,0.07272727272729,0.0554545454545548,0.0418181818181924,0.0318181818181948,0.0236363636363758,0.0172727272727352,0.00909090909091617,0.00363636363637276,0,0.00272727272727564,0.0109090909090947,0.0218181818181894,0.0345454545454547,0.048181818181825,0.063636363636366,0.0800000000000041,0.0963636363636422
2023-10-16 14:00:00,"e29",29,2,0.642335766423261,0.645255474452453,0.648175182481644,0.652554744525431,0.659854014598423,0.667153284671414,0.66861313868601,0.661313868613031,0.64963503649624,0.632116788321066,0.611678832116688,0.585401459853914,0.55474452554734,0.519708029196979,0.486131386861214,0.452554744525462,0.416058394160492,0.376642335766332,0.335766423357575,0.294890510948832,0.252554744525479,0.214598540145927,0.179562043795554,0.148905109488993,0.121167883211623,0.100729927007257,0.0846715328466791,0.0802919708028792,0.0846715328466791,0.102189781021853,0.128467153284627,0.162043795620392,0.198540145985361,0.237956204379522,0.28613138686127,0.341605839416009,0.401459854014548,0.458394160583895,0.509489051094834,0.551824817518187,0.585401459853952,0.614598540145917,0.640875912408691,0.668613138686048,0.697810218978013,0.722627737226178,0.738686131386757,0.748905109488952,0.756204379561943,0.760583941605743,0.759124087591135,0.751824817518144,0.743065693430557,0.731386861313778,0.7153284671532,0.690510948905022,0.654014598540078,0.608759124087534,0.560583941605774,0.508029197080226,0.452554744525487,0.394160583941556,0.338686131386817,0.284671532846687,0.232116788321139,0.179562043795591,0.132846715328439,0.0905109489050873,0.0569343065693348,0.0335766423357525,0.0189781021897698,0.0102189781021828,0.00291970802919147,0,0.00437956204379984,0.0189781021897698,0.0408759124087564,0.0715328467153174,0.109489051094882,0.159124087591239,0.217518248175169,0.278832116788304,0.340145985401438,0.404379562043777,0.474452554744499,0.545985401459816,0.611678832116751,0.66715328467149,0.713868613138642,0.753284671532803,0.785401459853959,0.808759124087542,0.821897810218928,0.830656934306516,0.835036496350315,0.835036496350315,0.82919708029192,0.817518248175129,0.802919708029146,0.788321167883151,0.776642335766372,0.763503649634985,0.74452554744519,0.715328467153225,0.678832116788281,0.632116788321129,0.58102189781019,0.527007299270046,0.478832116788299,0.436496350364946,0.397080291970786,0.356204379562042,0.312408759124081,0.274452554744529,0.24671532846716,0.235036496350381,0.236496350364989,0.251094890510972,0.272992700729959,0.302189781021924,0.327007299270089,0.350364963503659,0.375182481751824,0.407299270072994,0.445255474452559,0.478832116788311,0.509489051094885,0.535766423357659,0.560583941605824,0.588321167883206,0.61459854014598,0.640875912408754,0.665693430656919,0.691970802919693,0.719708029197075,0.743065693430658,0.763503649635036,0.78540145985401,0.810218978102175,0.842335766423332,0.877372262773705,0.909489051094875,0.937226277372257,0.956204379562039,0.972262773722618,0.985401459854005,0.994160583941592,1,0.997080291970808,0.988321167883209,0.973722627737226,0.945985401459857,0.910948905109496,0.867153284671535,0.823357664233587,0.776642335766435,0.727007299270079,0.672992700729949,0.618978102189805,0.567883211678866,0.524087591240905,0.484671532846745,0.448175182481776,0.421897810219002,0.402919708029232,0.392700729927062,0.38540145985407,0.388321167883262,0.401459854014649,0.424817518248219,0.451094890510992,0.478832116788362,0.508029197080327,0.537226277372292,0.572262773722666,0.601459854014631,0.630656934306596,0.65255474452557,0.678832116788344,0.70364963503651,0.729927007299283
2023-11-20 14:30:00,"e30",30,1,0.517518667432507,0.496840896036753,0.479035037334858,0.465824238943129,0.457208500861568,0.453762205628942,0.456634118322794,0.461229178632962,0.470419299253296,0.485927627800114,0.509477311889719,0.535898908673176,0.564043653072943,0.593911545089031,0.62320505456634,0.653072946582422,0.676622630672028,0.692130959218834,0.699023549684086,0.704192992533016,0.70821367030441,0.70821367030441,0.703044227455479,0.69730040206777,0.692705341757603,0.688684663986209,0.685812751292357,0.68121769098219,0.676622630672022,0.668006892590461,0.6593911545089,0.649626651349797,0.642159678345778,0.640436530729462,0.642159678345778,0.645605973578403,0.642159678345778,0.630672027570359,0.610568638713385,0.589316484778864,0.572659391154504,0.565766800689258,0.564043653072943,0.565766800689258,0.566341183228032,0.568064330844347,0.572659391154515,0.577828834003445,0.582423894313613,0.581849511774839,0.57955198161976,0.576680068925909,0.573808156232051,0.570361860999426,0.565766800689258,0.561746122917865,0.559448592762786,0.555427914991392,0.551407237219999,0.547960941987368,0.551407237219999,0.564618035611727,0.585870189546248,0.611717403790932,0.639287765651931,0.669730040206782,0.703044227455485,0.736932797242961,0.771395749569216,0.807007466973008,0.841470419299258,0.873635841470424,0.900631820792655,0.923607122343481,0.944284893739234,0.96209075244113,0.97817346352671,0.989661114302123,0.997702469844922,1,0.994830557151064,0.979322228604257,0.955198161975879,0.926479035037338,0.900631820792655,0.879379666858128,0.856978747846065,0.828834003446298,0.793222286042506,0.756461803561172,0.720275703618612,0.688110281447451,0.658816771970137,0.634692705341763,0.615738081562326,0.601378518093055,0.58701895462379,0.572085008615746,0.558299827685244,0.550832854681225,0.547386559448594,0.543940264215969,0.538770821367028,0.533026995979319,0.530155083285467,0.53072946582424,0.533601378518092,0.536473291211949,0.536473291211949,0.532452613440556,0.527857553130388,0.523836875358994,0.523262492820221,0.524411257897758,0.526708788052841,0.530155083285467,0.534750143595634,0.540493968983343,0.546237794371047,0.55255600229753,0.562320505456633,0.576105686387135,0.5904652498564,0.603101665709355,0.613440551407232,0.622630672027566,0.630097645031586,0.633543940264216,0.631820792647901,0.625502584721418,0.616312464101084,0.605973578403212,0.591039632395168,0.572085008615731,0.549109707064904,0.52326249282021,0.493968983342901,0.462377943710504,0.431935669155653,0.403216542217107,0.37679494543365,0.350947731188961,0.326249282021819,0.301550832854672,0.279149913842609,0.257323377369319,0.236071223434798,0.214244686961508,0.191843767949445,0.168868466398614,0.143595634692698,0.118897185525557,0.0953475014359516,0.0752441125789773,0.0574382538770814,0.0407811602527222,0.0252728317059152,0.012636415852955,0.00402067777139381,0,0,0.00402067777139381,0.012636415852955,0.02527283170591,0.041929925330264,0.0597357840321599,0.0786904078115976,0.101091326823661,0.128661688684654,0.158529580700742,0.188971855255593,0.218265364732902,0.246984491671448,0.272831705916137,0.294083859850658,0.310740953475018,0.321654221711662,0.32969557725446,0.332567489948312,0.330269959793234,0.319931074095357
2023-11-27 09:30:00,"e31",31,1,0.894930198383529,0.925789860396761,0.954445260837616,0.977222630418808,0.99191770756796,1,1,0.992652461425421,0.976487876561354,0.952240999265246,0.920646583394566,0.886113152094048,0.849375459221153,0.809698750918432,0.769287288758251,0.728875826598069,0.691403379867726,0.656869948567208,0.625275532696528,0.598089639970582,0.57531227038939,0.556943423952953,0.541513592946333,0.527553269654636,0.515062454077855,0.506245407788367,0.499632623071243,0.49595885378395,0.491550330639202,0.485672299779539,0.479794268919876,0.471711976487835,0.461425422483431,0.447465099191735,0.430565760470206,0.413666421748678,0.396032329169688,0.377663482733243,0.358559882439338,0.343864805290186,0.335782512858146,0.337252020573062,0.343864805290186,0.356355620866967,0.373254959588496,0.395297575312227,0.421748714180704,0.447465099191721,0.473181484202745,0.495224099926475,0.515062454077835,0.529022777369539,0.538574577516488,0.54151359294632,0.540778839088858,0.537839823659027,0.534900808229202,0.530492285084455,0.524614254224791,0.518001469507673,0.509919177075633,0.501102130786145,0.490815576781734,0.481998530492239,0.474650991917667,0.468038207200549,0.461425422483431,0.451138868479021,0.43864805290224,0.420279206465802,0.399706098456981,0.378398236590705,0.36002939015426,0.346069066862564,0.334313005143237,0.321822189566456,0.306392358559843,0.289493019838315,0.271858927259325,0.255694342395258,0.23952975753119,0.228508449669325,0.221895664952207,0.221160911094746,0.225569434239494,0.232916972814073,0.244673034533399,0.260837619397466,0.284349742836119,0.315944158706799,0.352681851579695,0.393093313739876,0.436443791329883,0.484202792064643,0.533431300514313,0.578986039676696,0.615723732549585,0.645113886847888,0.66789125642908,0.686260102865524,0.698750918442305,0.704628949301968,0.704628949301968,0.698016164584851,0.686260102865524,0.667156502571619,0.643644379132965,0.617927994121949,0.595885378398218,0.576047024246852,0.557678177810414,0.535635562086683,0.511388684790576,0.484937545922098,0.459221160911074,0.434239529757512,0.409257898603944,0.383541513592927,0.356355620866981,0.328434974283587,0.298310066127823,0.267450404114591,0.238060249816281,0.212343864805265,0.190301249081534,0.171197648787629,0.1542983100661,0.141072740631864,0.13078618662746,0.125642909625259,0.124908155767797,0.129316678912545,0.136664217487124,0.14842027920645,0.162380602498147,0.180749448934591,0.200587803085958,0.221895664952234,0.243938280675965,0.265246142542241,0.288023512123432,0.313005143277001,0.341660543717856,0.371785451873627,0.398971344599566,0.421013960323297,0.437178545187364,0.445260837619404,0.447465099191775,0.443791329904489,0.437913299044825,0.432035268185162,0.427626745040415,0.425422483468038,0.42101396032329,0.412196914033795,0.39897134459956,0.384276267450401,0.371050698016166,0.360764144011762,0.349742836149897,0.33798677443057,0.322556943423951,0.304188096987513,0.279206465833944,0.245407788390887,0.205731080088167,0.165319617927985,0.131520940484928,0.102130786186619,0.0734753857457639,0.044085231447461,0.0183688464364376,0,0.00955180014694944,0.0462894930198448,0.107274063188841,0.17193240264513,0.240999265246153,0.317413666421769,0.400440852314495
2023-11-28 10:00:00,"e32",32,3,0.964131994261124,0.982065997130565,0.994261119081778,1,1,0.993543758966997,0.982065997130552,0.963414634146336,0.940459110473447,0.915351506456228,0.893830703012901,0.874461979913904,0.856527977044463,0.835007173601136,0.811334289813473,0.785509325681479,0.760401721664266,0.736011477761822,0.711621233859377,0.686513629842165,0.65997130559539,0.632711621233841,0.603299856527955,0.573170731707288,0.54447632711619,0.519368723098971,0.497847919655644,0.479196556671428,0.462697274031542,0.449784791965542,0.43974175035866,0.434720229555218,0.434002869440437,0.438307030129104,0.445480631276882,0.456958393113326,0.470588235294108,0.488522238163542,0.507890961262546,0.528694404591098,0.550215208034425,0.571018651362984,0.593256814921092,0.61764705882353,0.64562410329986,0.675035868005746,0.701578192252521,0.723098995695848,0.738880918220953,0.746771879483511,0.748923959827848,0.745337159253956,0.739598278335734,0.733859397417511,0.729555236728845,0.727403156384508,0.723098995695841,0.714490674318514,0.701578192252514,0.687230989956965,0.674318507890965,0.664275466284083,0.653515064562419,0.642037302725975,0.626972740315645,0.609038737446203,0.584648493543759,0.551649928263987,0.512912482065993,0.473457675753219,0.440459110473447,0.411764705882349,0.383787661406019,0.355093256814914,0.329985652797701,0.31205164992826,0.321377331420368,0.357245337159257,0.416786226685803,0.479913916786242,0.54734576757534,0.621951219512217,0.703012912482096,0.791248206599747,0.809182209469182,0.807030129124852,0.779770444763302,0.80129124820663,0.797704447632737,0.770444763271188,0.722381635581086,0.674318507890985,0.624103299856547,0.568149210903886,0.505738880918229,0.437589670014349,0.441893830703023,0.467001434720235,0.515064562410337,0.511477761836451,0.509325681492114,0.506456241033003,0.50215208034433,0.497130559540889,0.491391678622667,0.48278335724534,0.46987087517934,0.451936872309905,0.431850789096127,0.411764705882356,0.392395982783365,0.370875179340038,0.345767575322819,0.317790530846489,0.286944045911054,0.253945480631283,0.219512195121956,0.188665710186521,0.161406025824972,0.1413199426112,0.123385939741759,0.108321377331429,0.0918220946915431,0.0753228120516574,0.0602582496413207,0.0480631276901082,0.0394548063127748,0.0322812051650035,0.0272596843615623,0.0208034433285655,0.0150645624103432,0.00860832137733993,0.00430416068867324,0.000717360114781054,0,0.00358680057389218,0.0107604017216635,0.0215208034433269,0.034433285509327,0.0523672883787683,0.0746054519368763,0.101865136298426,0.129124820659975,0.153515064562413,0.176470588235302,0.197991391678629,0.220229555236737,0.240315638450515,0.260401721664286,0.278335724533727,0.295552367288394,0.311334289813499,0.324246771879492,0.332137733142051,0.335007173601156,0.334289813486375,0.328550932568152,0.319942611190826,0.308464849354381,0.295552367288381,0.27977044476327,0.261119081779047,0.241032998565276,0.216642754662831,0.189383070301282,0.161406025824952,0.136298421807739,0.115494978479187,0.0982783357245202,0.0839311334289646,0.0717360114777521,0.0602582496413076,0.0494978479196441,0.0416068866570852,0.036585365853644,0.0351506456240884,0.0380200860831996,0.0466284074605264,0.0631276901004122,0.0839311334289646,0.109038737446184
2023-11-29 10:15:00,"e33",33,2,0.252815533980571,0.278834951456299,0.276893203883485,0.275728155339794,0.274174757281545,0.271844660194165,0.269126213592225,0.266019417475719,0.261359223300961,0.254368932038827,0.24466019417475,0.233786407766984,0.222912621359215,0.212427184466014,0.200776699029122,0.187184466019416,0.172038834951454,0.155339805825238,0.137475728155335,0.11883495145631,0.102135922330094,0.087378640776697,0.0765048543689314,0.0667961165048536,0.0586407766990285,0.049708737864077,0.0407766990291255,0.0326213592233004,0.026019417475728,0.0213592233009734,0.0174757281553415,0.014757281553401,0.0112621359223341,0.00815533980582865,0.00466019417475821,0.00233009708737911,0.000388349514564955,0,0.00194174757281415,0.005825242718446,0.011650485436892,0.0186407766990258,0.0283495145631036,0.0403883495145606,0.055145631067958,0.0699029126213555,0.0831067961165038,0.0955339805825257,0.107184466019418,0.119223300970875,0.13009708737864,0.140970873786406,0.150679611650484,0.16,0.168543689320387,0.175533980582524,0.179805825242717,0.18135922330097,0.180970873786405,0.1778640776699,0.173203883495141,0.16699029126213,0.159999999999997,0.151456310679603,0.141359223300964,0.130485436893195,0.11728155339805,0.102524271844652,0.08737864077669,0.0737864077669803,0.0625242718446497,0.0532038834951333,0.0454368932038731,0.0388349514563007,0.0326213592232898,0.0267961165048438,0.022524271844647,0.0198058252427065,0.0190291262135836,0.0205825242718328,0.0252427184465875,0.034174757281539,0.0454368932038731,0.0590291262135793,0.0741747572815417,0.0897087378640691,0.120388349514555,0.166990291262127,0.229902912621352,0.293592233009704,0.356893203883494,0.420582524271842,0.483106796116502,0.543300970873787,0.600776699029128,0.656310679611651,0.70990291262136,0.76310679611651,0.801553398058257,0.824077669902915,0.829514563106799,0.833398058252431,0.837281553398063,0.839611650485442,0.840000000000007,0.837669902912628,0.833398058252431,0.826407766990294,0.816699029126219,0.804271844660198,0.789126213592235,0.77242718446602,0.754563106796117,0.735533980582526,0.714563106796118,0.692427184466018,0.670291262135918,0.648543689320387,0.628349514563102,0.610097087378634,0.595339805825236,0.583300970873779,0.575145631067954,0.570097087378634,0.568155339805817,0.568932038834943,0.572815533980575,0.580582524271835,0.591067961165036,0.606213592232998,0.624466019417466,0.646601941747566,0.669514563106788,0.693980582524264,0.717669902912613,0.741359223300962,0.764660194174749,0.78796116504854,0.811262135922328,0.833786407766985,0.856310679611647,0.876504854368929,0.895145631067958,0.911456310679608,0.926213592233006,0.938640776699027,0.949514563106797,0.959611650485436,0.968543689320387,0.97592233009709,0.982524271844662,0.987961165048547,0.992621359223301,0.996504854368933,0.999223300970874,1,1,0.999611650485435,0.997669902912617,0.992233009708736,0.983300970873785,0.972038834951454,0.956893203883492,0.938640776699024,0.91805825242718,0.896310679611646,0.873786407766988,0.852038834951453,0.833009708737863,0.817475728155339,0.805825242718447,0.798834951456309,0.797669902912622,0.80155339805825,0.810485436893201,0.82368932038835,0.840388349514561,0.860582524271847,0.88349514563107,0.909126213592233,0.935145631067964
2023-12-18 09:45:00,"e34",34,2,0.567209775967425,0.617107942973539,0.659877800407356,0.688391038696557,0.700610997963352,0.701629327902257,0.695519348268855,0.68329938900206,0.665987780040758,0.642566191446054,0.618126272912444,0.590631364562148,0.560081466395146,0.525458248472533,0.49083503054992,0.456211812627316,0.424643584521409,0.390020366598796,0.354378818737296,0.317718940936882,0.280040733197573,0.240325865580463,0.197556008146647,0.161914460285147,0.13034623217924,0.102851323828943,0.0733197556008276,0.0509164969450192,0.034623217922613,0.02647657841141,0.0203665987780077,0.0132382892057096,0.00610997963341159,0.00101832993890503,0.00101832993890503,0,0.00305498981670579,0.0101832993890038,0.0295315682281158,0.0560081466395164,0.0896130346232245,0.129327902240335,0.176171079429743,0.231160896130355,0.291242362525463,0.355397148676183,0.418533604887997,0.475560081466409,0.524439918533618,0.568228105906321,0.604887983706726,0.631364562118136,0.647657841140542,0.657841140529545,0.664969450101843,0.671079429735246,0.676171079429743,0.68126272912425,0.680244399185345,0.67922606924644,0.676171079429734,0.672097759674142,0.660896130346233,0.640529531568234,0.609979633401232,0.567209775967416,0.519348268839103,0.466395112016292,0.412423625254586,0.354378818737268,0.298370672097752,0.245417515274941,0.196537678207732,0.151731160896125,0.113034623217919,0.0845213849287086,0.066191446028511,0.0580448065173079,0.0509164969450099,0.040733197556006,0.0264765784114007,0.0132382892056911,0.0112016293278996,0.0173116089613019,0.0366598778004138,0.0631364562118145,0.104887983706726,0.159877800407337,0.227087576374744,0.300407331975562,0.380855397148678,0.469450101832989,0.56415478615071,0.658859470468432,0.744399185336046,0.821792260692456,0.887983706720976,0.943991853360493,0.982688391038698,1,1,0.990835030549901,0.977596741344201,0.963340122199586,0.94704684317718,0.930753564154774,0.912423625254576,0.891038696537664,0.862525458248462,0.828920570264754,0.791242362525445,0.750509164969439,0.70366598778003,0.647657841140514,0.585539714867604,0.518329938900198,0.449083503054981,0.38085539714866,0.316700610997959,0.255600814663936,0.199592668024419,0.149694501018315,0.108961303462309,0.0835030549898036,0.074338085539714,0.0794297352342113,0.0875763747454144,0.0977596741344182,0.108961303462318,0.122199592668027,0.135437881873728,0.153767820773935,0.176171079429734,0.204684317718935,0.233197556008137,0.262729124236252,0.292260692464359,0.322810590631361,0.358452138492861,0.397148676171066,0.440936863543778,0.48268839103868,0.525458248472496,0.569246435845198,0.616089613034607,0.658859470468423,0.696537678207732,0.725050916496943,0.745417515274941,0.758655804480642,0.766802443991845,0.76985743380855,0.764765784114053,0.754582484725049,0.739307535641548,0.717922606924645,0.694501018329941,0.673116089613028,0.657841140529527,0.647657841140532,0.641547861507121,0.636456211812623,0.625254582484715,0.604887983706716,0.57739307535642,0.545824847250513,0.514256619144605,0.48472505091649,0.456211812627288,0.427698574338087,0.396130346232179,0.362525458248471,0.328920570264763,0.299389002036657,0.282077393075355,0.279022403258659,0.291242362525454,0.315682281059063,0.348268839103875,0.386965376782081,0.426680244399191
2024-02-21 13:45:00,"e35",35,2,0.401540154015397,0.383938393839373,0.356435643564349,0.32343234323431,0.284928492849276,0.245324532453232,0.201320132013193,0.159515951595152,0.118811881188119,0.0836083608360823,0.0528052805280605,0.0264026402640255,0.00770077007701259,0,0.00550055005500491,0.0220022002200197,0.0440044004400393,0.0682068206820571,0.0946094609460826,0.121012101210118,0.151815181518139,0.187018701870177,0.224422442244202,0.25962596259624,0.287128712871274,0.306930693069295,0.321232123212312,0.333333333333321,0.34543454345433,0.356435643564349,0.364136413641362,0.370737073707365,0.374037403740372,0.374037403740372,0.371837183718374,0.369636963696376,0.371837183718374,0.377337733773379,0.386138613861381,0.39823982398239,0.413641364136406,0.43014301430142,0.444444444444437,0.454345434543448,0.463146314631459,0.469746974697463,0.475247524752468,0.477447744774466,0.479647964796465,0.477447744774466,0.471947194719462,0.455445544554447,0.43124312431241,0.39823982398238,0.363036303630343,0.326732673267307,0.288228822882263,0.250825082508218,0.215621562156191,0.190319031903164,0.17381738173815,0.166116611661137,0.159515951595123,0.157315731573125,0.157315731573125,0.163916391639139,0.17381738173815,0.189218921892156,0.210121012101186,0.232123212321205,0.251925192519227,0.262926292629246,0.264378523951171,0.261043810168901,0.259909316408638,0.262823141381455,0.272724131480465,0.288125671634472,0.307927651832493,0.324429301997517,0.337630622129525,0.348631722239545,0.360732932360554,0.376134472514569,0.395584331401665,0.417620915370948,0.438557389329242,0.459845984598443,0.478547854785456,0.495049504950471,0.509350935093497,0.524752475247503,0.539053905390529,0.54895489548954,0.554455445544535,0.554455445544535,0.54895489548954,0.535753575357522,0.515951595159501,0.490649064906475,0.457645764576445,0.419141914191401,0.379537953795358,0.346534653465329,0.320132013201294,0.30253025302527,0.287128712871264,0.271727172717248,0.250825082508218,0.228822882288199,0.214521452145182,0.20682068206817,0.211221122112175,0.222222222222195,0.239823982398218,0.254125412541235,0.264026402640245,0.267326732673252,0.271727172717258,0.282728272827268,0.309130913091293,0.352035203520343,0.400440044004388,0.449944994499442,0.492849284928492,0.532453245324535,0.565456545654564,0.596259625962605,0.629262926292644,0.667766776677678,0.712871287128726,0.757975797579765,0.798679867986807,0.828382838283839,0.852585258525857,0.87128712871287,0.888888888888884,0.907590759075896,0.929592959295916,0.953795379537934,0.974697469746964,0.992299229922987,1,0.997799779978002,0.981298129812978,0.955995599559961,0.925192519251929,0.893289328932899,0.861386138613869,0.825082508250832,0.788778877887796,0.749174917491753,0.711771177117708,0.674367436743673,0.641364136413634,0.61276127612761,0.588558855885583,0.567656765676553,0.543454345434526,0.519251925192508,0.497249724972488,0.48404840484047,0.475247524752468,0.467546754675456,0.455445544554447,0.44114411441144,0.431243124312429,0.43014301430142,0.44114411441144,0.460946094609461,0.496149614961489,0.53795379537953,0.581958195819569,0.620462046204613,0.653465346534643,0.690869086908678,0.735973597359726,0.792079207920784,0.848184818481842,0.902090209020892,0.959295929592948
2024-03-20 09:45:00,"e36",36,2,0.0113636363636462,0.00349650349651233,0,0,0.00262237762238047,0.00699300699300953,0.0148601398601434,0.0253496503496501,0.0393356643356692,0.0594405594405659,0.084790209790216,0.115384615384619,0.148601398601403,0.183566433566451,0.217657342657359,0.250000000000019,0.278846153846174,0.305069930069956,0.330419580419606,0.35664335664338,0.383741258741279,0.40734265734268,0.42657342657346,0.436188811188843,0.437062937062967,0.433566433566462,0.429195804195833,0.427447552447585,0.42395104895108,0.4213286713287,0.416958041958078,0.414335664335698,0.412587412587449,0.411713286713317,0.410839160839193,0.412587412587441,0.41433566433569,0.41433566433569,0.410839160839178,0.408216783216805,0.409090909090929,0.412587412587441,0.415209790209814,0.416958041958063,0.416958041958063,0.419580419580443,0.423076923076948,0.428321678321709,0.440559440559464,0.459790209790229,0.486888111888128,0.51311188811191,0.537587412587428,0.555944055944076,0.571678321678344,0.581293706293726,0.588286713286728,0.588286713286728,0.583041958041975,0.574300699300709,0.56031468531469,0.547202797202803,0.53496503496504,0.529720279720287,0.531468531468535,0.540209790209786,0.551573426573432,0.562937062937071,0.569930069930073,0.576923076923082,0.583916083916084,0.59265734265735,0.603146853146857,0.61101398601399,0.616258741258751,0.611888111888122,0.600524475524484,0.581293706293719,0.562062937062939,0.544580419580423,0.533216783216784,0.524475524475518,0.518356643356633,0.512237762237748,0.505244755244746,0.495629370629363,0.481643356643344,0.468531468531457,0.456293706293694,0.44842657342656,0.440559440559427,0.433566433566425,0.428321678321664,0.39772727272726,0.340909090909075,0.285839160839146,0.261363636363627,0.269230769230761,0.281468531468524,0.29895104895104,0.318181818181813,0.337412587412578,0.356643356643342,0.378496503496488,0.402972027972014,0.458916083916075,0.549825174825161,0.645979020979008,0.720279720279709,0.766608391608381,0.80856643356643,0.839160839160834,0.85926573426573,0.874999999999998,0.892482517482514,0.914335664335652,0.934440559440549,0.951048951048948,0.958916083916082,0.957167832167834,0.937062937062937,0.908216783216782,0.881118881118883,0.868006993006989,0.870629370629369,0.884615384615381,0.901223776223765,0.911713286713279,0.920454545454537,0.927447552447547,0.934440559440549,0.937937062937054,0.944055944055931,0.950174825174817,0.954545454545446,0.951923076923065,0.939685314685302,0.916083916083901,0.883741258741249,0.853146853146845,0.822552447552434,0.798076923076908,0.777972027972012,0.77097902097901,0.776223776223763,0.791083916083899,0.809440559440547,0.827797202797195,0.847902097902084,0.871503496503486,0.898601398601384,0.921328671328662,0.942307692307683,0.957167832167819,0.969405594405581,0.975524475524467,0.978146853146847,0.979020979020971,0.98076923076922,0.9833916083916,0.986013986013981,0.986888111888105,0.986013986013981,0.986013986013981,0.988636363636354,0.994755244755239,1,1,0.994755244755239,0.986888111888105,0.978146853146855,0.970279720279721,0.963286713286719,0.957167832167841,0.951048951048956,0.941433566433574,0.925699300699306,0.904720279720285,0.885489510489505,0.874125874125866,0.868881118881113
2024-04-17 10:15:00,"e37",37,1,0.656673683824999,0.652515752660252,0.652515752660252,0.654891713325829,0.659643634656967,0.666177526487285,0.679245310147926,0.699440975805277,0.722606592294596,0.747554179283089,0.775471717103546,0.805171225423183,0.839028664907566,0.874668074891135,0.909713494708301,0.941194973527118,0.967330540848395,0.988714186838534,1,1,0.990496157337714,0.975646403177893,0.952480786688574,0.922187288202545,0.883577927387019,0.843186596072313,0.80576521558957,0.774283736770758,0.750524130115042,0.730922454624083,0.718448661129834,0.711320779133124,0.710726788966727,0.710726788966727,0.712508759465907,0.713102749632299,0.713696739798696,0.711914769299516,0.706568857801981,0.698252995472488,0.686373192144636,0.673899398650386,0.658455654324179,0.640635949332395,0.618658313175869,0.596680677019339,0.576485011361993,0.562823237534961,0.553319394872674,0.54619151287596,0.53728166038007,0.528371807884181,0.522431906220254,0.522431906220254,0.528371807884186,0.538469640712858,0.550349444040711,0.559853286702997,0.564011217867744,0.559259296536606,0.54975545387432,0.538469640712858,0.528371807884186,0.518273975055513,0.505800181561264,0.487980476569479,0.465408850246557,0.438679292758884,0.413137715604003,0.389378108948298,0.370964413790127,0.356708649796698,0.342452885803274,0.325821161144283,0.306219485653319,0.284241849496793,0.261076233007475,0.238504606684552,0.216526970528027,0.19751928520346,0.177917609712501,0.1612858850535,0.141684209562541,0.12148854390519,0.101292878247845,0.082879183089674,0.0662474584306782,0.0508037141044708,0.0365479501110465,0.0234801664504004,0.0133823336217276,0.00625445162501293,0.00276849102738999,0,0.00149667884239688,0.00766729861520505,0.0208423209808763,0.0386620259726605,0.0612336522955826,0.0879632097832563,0.11825670826928,0.148550206755308,0.175873754409373,0.198445380732296,0.218563065988919,0.2379632816753,0.257256258656645,0.276627216038723,0.294339682325466,0.312753377483637,0.331761062808204,0.351956728465555,0.370370423623731,0.385814167949938,0.397693971277791,0.407791804106469,0.416701656602358,0.424423528765464,0.431551410762179,0.436897322259714,0.44105525342446,0.441649243590852,0.438679292758894,0.433333381261359,0.429769440262999,0.431551410762179,0.440461263258069,0.454123037085101,0.467190820745742,0.479070624073595,0.488574466735881,0.496296338898993,0.499860279897347,0.499860279897347,0.496890329065384,0.49154441756785,0.485010525737532,0.478476633907214,0.472536732243287,0.467784810912144,0.465408850246573,0.463626879747393,0.46243889941461,0.461844909248218,0.46243889941461,0.464220869913789,0.468378801078541,0.474318702742472,0.481446584739182,0.486792496236717,0.48976244706868,0.490356437235077,0.49154441756786,0.493920378233431,0.498078309398183,0.501048260230146,0.504018211062104,0.504018211062104,0.502236240562929,0.499266289730966,0.494514368399828,0.489762447068685,0.483822545404764,0.477288653574446,0.470160771577731,0.465408850246593,0.463626879747413,0.464814860080196,0.467190820745773,0.472536732243308,0.478476633907234,0.483228555238377,0.485010525737552,0.482634565071981,0.476694663408049,0.468972791244943,0.45887495841627,0.429175450096633,0.378686285953254,0.308595446318916,0.236722636185398
2024-05-14 13:15:00,"e38",38,2,0.000362122035129092,0.00199167119319551,0.00307803729857338,0.00362122035126193,0.00380228136882452,0.00425493391273177,0.00470758645663902,0.00525076950932756,0.00552236103567223,0.00588448307079819,0.00579395256201611,0.00552236103567223,0.00543183052689015,0.00624660510592336,0.00832880680789703,0.0108636610537772,0.0131269237733142,0.0143038203874734,0.0148470034401627,0.0152996559840692,0.0161144305631024,0.0169292051421356,0.0173818576860428,0.0172913271772608,0.0169292051421348,0.0162954915806642,0.0148470034401611,0.0134890458084394,0.0130363932645321,0.0140322288611279,0.0157523085279756,0.0175629187036046,0.019101937352889,0.0208220170197359,0.0228136882129275,0.0252580119500271,0.0269780916168756,0.0276118051783463,0.0273402136520016,0.0266159695817505,0.0255296034763726,0.0244432373709955,0.0238095238095249,0.0233568712656176,0.0229042187217104,0.0219083831251146,0.0210030780373001,0.0199167119319222,0.0193735288792337,0.0193735288792337,0.0201883034582669,0.0215462610899886,0.0229947492304917,0.0239000543183054,0.024081115335868,0.0239000543183054,0.0237189933007428,0.0235379322831802,0.023085279739273,0.0225420966865844,0.0219083831251138,0.0213652000724252,0.0206409560021733,0.0193735288792337,0.0178345102299485,0.0161144305631016,0.0138511678435646,0.0109541915625577,0.00769509324642484,0.00506970849176263,0.00344015933369621,0.002625384754663,0.00235379322831912,0.00190114068441187,0.00126742712294124,0.000633713561470622,9.0530508782077e-05,0,0.000633713561469839,0.00190114068440952,0.00334962882491335,0.00443599493029122,0.00506970849176184,0.00516023900054392,0.00479811696541718,0.00443599493029122,0.00416440340394656,0.00434546442150914,0.00497917798297977,0.00624660510592023,0.00787615426398664,0.00995835596596032,0.0124026797030599,0.0151185949665035,0.0180155712475103,0.0212746695636432,0.0249864204236833,0.0292413543364119,0.0342205323193917,0.0397428933550608,0.0458084374434184,0.052236103566902,0.0594785442694188,0.0671736375158428,0.0755024443237375,0.0841933731667574,0.0936085460800299,0.10356690204599,0.114249502082202,0.125384754662322,0.136882129277567,0.148470034401594,0.160510592069527,0.172732210755025,0.184953829440522,0.197084917617237,0.209397066811516,0.22207133804092,0.234655078761543,0.247329349990948,0.259732029694007,0.271863117870722,0.283360492485968,0.29467680608365,0.305540467137425,0.316313597682419,0.327267789244976,0.338946224877784,0.350715191019374,0.362303096143401,0.373347818214738,0.384120948759731,0.395075140322288,0.406934636972659,0.420061560745971,0.433912728589535,0.448307079485787,0.462701430382039,0.47700525076951,0.490946949121854,0.50497917798298,0.519373528879232,0.534673184863299,0.550425493391273,0.566268332428028,0.581477457903314,0.59614340032591,0.610447220713381,0.624388919065725,0.638330617418069,0.652091254752851,0.665761361578852,0.679340937896071,0.693101575230853,0.706771682056853,0.720351258374072,0.733568712656165,0.746786166938258,0.759913090711569,0.773040014484881,0.786076407749411,0.798841209487597,0.81142495020822,0.82382762991128,0.83623030961434,0.848451928299837,0.860764077494115,0.873076226688394,0.885750497917798,0.898605830164765,0.911551692920514,0.924497555676262,0.937533948940793,0.951204055766793,0.965598406663045,0.98080753213833,0.995926127104834,1,0.99355013584878,0.983297990328739,0.980197755002433
2024-05-23 10:00:00,"e39",39,3,1,0.989231724994823,0.97908469662456,0.970180161524126,0.962103955270244,0.954234831227999,0.946365707185754,0.938703665355147,0.931662870159453,0.925036239387037,0.918616690826258,0.912818388900393,0.908262580244356,0.904535100434872,0.901014702837024,0.89728722302754,0.893766825429694,0.89003934562021,0.886104783599087,0.881134810519775,0.875957755228823,0.870573617726236,0.865603644646923,0.860840753779249,0.856284945123211,0.851729136467176,0.846759163387862,0.841375025885274,0.835783806171047,0.830606750880097,0.8262580244357,0.82418720231932,0.823358873472767,0.822737626837852,0.820666804721472,0.817146407123627,0.812176434044315,0.805549803271898,0.797680679229653,0.788776144129218,0.778836197970594,0.76765375854214,0.755228825843859,0.741147235452473,0.726651480637811,0.712155725823151,0.698281217643404,0.683578380617103,0.668461379167528,0.653137295506316,0.638641540691654,0.624974114723544,0.612135017601987,0.60033133153862,0.589355974321806,0.579416028163181,0.569061917581279,0.559121971422654,0.55021743632222,0.544212052184717,0.540484572375232,0.53882791468213,0.53779250362394,0.536964174777387,0.536135845930833,0.535100434872645,0.533650859391178,0.531165872851522,0.528266721888588,0.524539242079104,0.519569268999791,0.513356802650649,0.50590184303168,0.49761855456616,0.488714019465723,0.47980948436529,0.471112031476493,0.462207496376059,0.453302961275622,0.444605508386827,0.436322219921307,0.427831849244147,0.418720231932075,0.409194450196726,0.400082832884653,0.392006626630769,0.3845516670118,0.37730378960447,0.369227583350587,0.360944294885066,0.352039759784633,0.342721060260921,0.332781114102296,0.323462414578584,0.315386208324702,0.308138330917372,0.300683371298404,0.292400082832884,0.283081383309172,0.272106026092358,0.260095257817351,0.247670325119071,0.235659556844065,0.223855870780698,0.212673431352245,0.202526402981983,0.194036032304823,0.187202319320769,0.182439428453094,0.179333195278524,0.178297784220334,0.179747359701799,0.183681921722922,0.189273141437149,0.195692689997928,0.203147649616896,0.210809691447503,0.217643404431558,0.223441706357422,0.228411679436735,0.232967488092772,0.236694967902256,0.239387036653551,0.240836612135016,0.241664940981569,0.242493269828119,0.244149927521224,0.246427831849242,0.249534065023812,0.253261544833296,0.256160695796229,0.257403189066058,0.255953613584591,0.252847380410021,0.248498653965622,0.243321598674672,0.237316214537169,0.230482501553115,0.222820459722509,0.214537171256989,0.205218471733279,0.195485607786292,0.186373990474218,0.178711948643611,0.172499482294471,0.167115344791882,0.162559536135846,0.158624974114724,0.154690412093602,0.149927521225925,0.143922137088423,0.136260095257816,0.127769724580658,0.118658107268584,0.109132325533234,0.0991923793746096,0.0894595154276225,0.0803478981155502,0.0720646096500284,0.0648167322426984,0.058811348105196,0.0544626216607966,0.0513563884862266,0.0494926485814842,0.0482501553116566,0.0468005798301895,0.0451439221370848,0.0428660178090671,0.0405881134810495,0.0378960447297565,0.0347898115551847,0.0312694139573395,0.0271277697245795,0.0221577966452671,0.0157382480844894,0.0082832884655218,0,0.000414164423277076,0.00890453510043652,0.0258852764547536,0.0426589355974331
2024-06-17 12:45:00,"e40",40,2,0,0.0179579271421222,0.0354027706516177,0.0513083632632108,0.0672139558748039,0.083119548486397,0.0990251410979901,0.115443817342219,0.132888660851705,0.152898922524361,0.172909184197017,0.1934325295023,0.213955874807582,0.234992303745496,0.25654181631605,0.278091328886599,0.300667008722411,0.322729604925591,0.344279117496141,0.36326321190353,0.379681888147754,0.394048229861453,0.408414571575149,0.421754746023581,0.433042585941494,0.441251924063602,0.445869676757291,0.447408927655189,0.444843509492029,0.439712673165708,0.434581836839383,0.432016418676223,0.433555669574121,0.43817342226781,0.44535659312466,0.453052847614141,0.46228835300152,0.47460236018469,0.491021036428919,0.510518214468939,0.532067727039488,0.555669574140567,0.581836839404806,0.607491021036413,0.630066700872225,0.648024628014347,0.662904053360678,0.678296562339644,0.695228322216504,0.711133914828097,0.723447922011272,0.732170343766016,0.738840430990234,0.745510518214457,0.748589020010249,0.751154438173409,0.754746023601836,0.760389943560788,0.765007696254477,0.766546947152371,0.763468445356579,0.757311441764992,0.750128270908147,0.742945100051297,0.73678809645971,0.728578758337593,0.719343252950214,0.706003078501781,0.689071318624921,0.669574140584901,0.650590046177512,0.63263211903539,0.617239610056423,0.605438686505889,0.595690097485879,0.5864545920985,0.577219086711121,0.56952283222164,0.563365828630052,0.558748075936363,0.554643406875309,0.550538737814255,0.546947152385828,0.544894817855294,0.543868650590032,0.541816316059503,0.540277065161605,0.540790148794241,0.543355566957401,0.546947152385828,0.552077988712149,0.558234992303736,0.565931246793217,0.574653668547965,0.582863006670081,0.590046177526927,0.59671626475115,0.604925602873266,0.612621857362747,0.618778860954335,0.621344279117491,0.621857362750126,0.620831195484864,0.622370446382762,0.627501282709083,0.635710620831199,0.64597229348384,0.658286300667015,0.672139558748084,0.685479733196516,0.699332991277585,0.714725500256551,0.734222678296571,0.756285274499747,0.779887121600826,0.802462801436638,0.82298614674192,0.840430990251411,0.853771164699844,0.863519753719859,0.868650590046175,0.872755259107229,0.876859928168287,0.884043099025132,0.895330938943045,0.910723447922007,0.927655207798871,0.943047716777833,0.95382247306311,0.963571062083115,0.972293483837863,0.98050282195998,0.987685992816825,0.994356080041048,0.999486916367364,1,0.992303745510515,0.976398152898922,0.95638789122627,0.935351462288352,0.918419702411492,0.902514109799899,0.89071318624936,0.881990764494616,0.879938429964083,0.879938429964083,0.882503848127243,0.884043099025141,0.887121600820933,0.89071318624936,0.894817855310414,0.899948691636739,0.904053360697793,0.908671113391482,0.91277578245254,0.914315033350434,0.910723447922007,0.902514109799899,0.891739353514622,0.881990764494616,0.871729091841975,0.861467419189334,0.849666495638795,0.837865572088255,0.825038481272458,0.81118522319139,0.795279630579797,0.780400205233466,0.766546947152398,0.754232939969223,0.742432016418688,0.731657260133411,0.722421754746032,0.71421241662392,0.707029245767075,0.698306824012327,0.689071318624948,0.678809645972307,0.669061056952297,0.659312467932286,0.650590046177543
2024-07-17 13:15:00,"e41",41,3,0.76901004304162,0.774748923959843,0.780487804878066,0.787661406025842,0.794835007173618,0.806312769010052,0.819225251076051,0.835007173601155,0.85078909612626,0.865136298421824,0.875179340028717,0.88091822094694,0.883787661406046,0.883787661406046,0.882352941176481,0.882352941176481,0.886657101865151,0.892395982783375,0.89526542324248,0.892395982783375,0.886657101865151,0.883787661406046,0.885222381635611,0.890961262553834,0.89813486370161,0.908177905308504,0.916786226685832,0.921090387374503,0.915351506456267,0.901004304160715,0.886657101865151,0.880918220946928,0.883787661406033,0.888091822094692,0.893830703012927,0.901004304160691,0.911047345767572,0.916786226685795,0.923959827833571,0.9325681492109,0.946915351506451,0.964131994261108,0.981348637015778,0.992826398852212,0.998565279770447,1,0.997130559540895,0.985652797704461,0.967001434720238,0.951219512195134,0.939741750358688,0.93543758967003,0.936872309899582,0.939741750358688,0.939741750358688,0.931133428981359,0.916786226685795,0.898134863701573,0.879483500717363,0.865136298421824,0.856527977044483,0.843615494978484,0.827833572453379,0.803443328550946,0.779053084648513,0.758967001434738,0.74605451936874,0.740315638450516,0.730272596843623,0.721664275466282,0.713055954088953,0.708751793400283,0.704447632711624,0.700143472022954,0.695839311334284,0.695839311334284,0.695839311334284,0.694404591104731,0.688665710186495,0.684361549497837,0.692969870875166,0.711621233859388,0.740315638450491,0.769010043041595,0.794835007173593,0.822094691535156,0.845050215208036,0.868005738880929,0.885222381635586,0.902439024390256,0.91678622668582,0.923959827833583,0.921090387374478,0.911047345767584,0.89526542324248,0.879483500717375,0.868005738880941,0.857962697274048,0.853658536585377,0.849354375896719,0.847919655667154,0.843615494978484,0.839311334289826,0.839311334289826,0.83787661406026,0.827833572453367,0.809182209469157,0.781922525107619,0.75179340028695,0.718794835007176,0.685796269727415,0.655667144906746,0.628407460545208,0.605451936872328,0.583931133429,0.563845050215225,0.549497847919661,0.543758967001438,0.542324246771873,0.548063127690108,0.559540889526542,0.58106169296987,0.601147776183645,0.611190817790538,0.608321377331433,0.595408895265434,0.58536585365854,0.579626972740317,0.579626972740317,0.576757532281212,0.576757532281212,0.573888091822106,0.575322812051659,0.572453371592554,0.576757532281224,0.589670014347223,0.615494978479221,0.647058823529442,0.675753228120546,0.698708751793439,0.717360114777673,0.73457675753233,0.750358680057435,0.766140602582539,0.773314203730315,0.774748923959855,0.766140602582527,0.750358680057422,0.72740315638453,0.705882352941202,0.684361549497862,0.662840746054534,0.632711621233866,0.604017216642762,0.573888091822106,0.545193687231003,0.516499282639899,0.487804878048796,0.459110473457692,0.430416068866589,0.401721664275486,0.367288378766147,0.329985652797715,0.286944045911047,0.24677187948351,0.209469153515078,0.176470588235304,0.144906743185095,0.111908177905321,0.0817790530846647,0.0559540889526666,0.0344332855093266,0.0172166427546695,0.00573888091822317,0,0.00430416068867048,0.0157819225251044,0.0286944045911035,0.0430416068866428,0.0588235294117472,0.0774748923959818
2024-08-19 09:30:00,"e42",42,1,0.447761194029873,0.447761194029873,0.464818763326236,0.494669509594893,0.530916844349678,0.567164179104464,0.605543710021312,0.643923240938159,0.682302771855006,0.722814498933915,0.765458422174848,0.814498933901929,0.867803837953077,0.916844349680158,0.953091684434944,0.978678038379515,0.993603411513853,1,0.995735607675914,0.991471215351828,0.987206823027742,0.976545842217509,0.948827292110895,0.906183368869962,0.85501066098082,0.801705756929634,0.742004264392339,0.67803837953092,0.61407249466952,0.55650319829425,0.501066098081022,0.449893390191898,0.396588486140731,0.351812366737755,0.317697228144994,0.29850746268657,0.289978678038361,0.283582089552232,0.289978678038361,0.300639658848594,0.321961620469043,0.341151385927466,0.368869936034062,0.394456289978633,0.422174840085228,0.439232409381591,0.449893390191824,0.452025586353885,0.449893390191824,0.452025586353885,0.458422174840014,0.475479744136395,0.494669509594819,0.520255863539371,0.541577825159856,0.56929637526647,0.605543710021275,0.658848614072423,0.72068230277178,0.778251599147051,0.823027718550046,0.855010660980746,0.878464818763255,0.893390191897593,0.901918976545802,0.89978678038374,0.89978678038374,0.89125799573555,0.876332622601212,0.846481876332555,0.808102345415708,0.767590618336799,0.724946695095866,0.678038379530847,0.618336886993551,0.552238805970108,0.481876332622561,0.422174840085247,0.366737739872037,0.326226012793129,0.285714285714238,0.25373134328352,0.217484008528734,0.187633262260077,0.162046908315524,0.14925373134323,0.142857142857101,0.144989339019144,0.151385927505291,0.159914712153481,0.162046908315543,0.15138592750531,0.138592750533033,0.117270788912548,0.0980810234541244,0.0746268656716148,0.0575692963752526,0.0426439232409148,0.0319829424306815,0.0213219616204666,0.0149253731343193,0.0106609808102333,0.0149253731343193,0.0255863539445526,0.0469083155650192,0.0810234541577622,0.130063965884843,0.185501066098052,0.240938166311262,0.289978678038343,0.334754797441337,0.371002132196123,0.40085287846478,0.426439232409333,0.447761194029818,0.458422174840051,0.452025586353904,0.43283582089548,0.405117270788885,0.373134328358185,0.33688699360338,0.302771855010619,0.270788912579919,0.243070362473323,0.211087420042623,0.176972281449881,0.138592750533033,0.10447761194029,0.0746268656716517,0.0490405117270807,0.025586353944571,0.0106609808102333,0.00426439232408595,0,0,0.00213219616206143,0.0127931769722947,0.025586353944571,0.0447761194029947,0.0724946695096087,0.110874200426456,0.153518123667389,0.19402985074628,0.223880597014918,0.247334754797428,0.270788912579937,0.289978678038361,0.309168443496785,0.326226012793165,0.349680170575675,0.375266524520228,0.396588486140713,0.41151385927505,0.417910447761198,0.422174840085284,0.428571428571413,0.441364605543707,0.454157782515984,0.469083155650303,0.479744136460518,0.490405117270751,0.494669509594837,0.490405117270751,0.473347547974389,0.443496801705732,0.413646055437075,0.388059701492522,0.371002132196142,0.349680170575694,0.326226012793184,0.300639658848613,0.277185501066103,0.251599147121551,0.223880597014955,0.196162046908323,0.176972281449899,0.166311300639684,0.157782515991475,0.14712153518126,0.123667377398751,0.0959488272921183
2023-10-15 19:00:00,"e43",43,2,0.305054151624612,0.301444043321365,0.303249097472989,0.314079422382727,0.324909747292466,0.341155234657089,0.357400722021713,0.377256317689567,0.402527075812321,0.433212996389944,0.472924187725684,0.512635379061438,0.5541516245488,0.593862815884554,0.638989169675163,0.687725631769017,0.745487364620988,0.799638989169727,0.842960288808728,0.868231046931466,0.880866425992844,0.886281588447713,0.889891696750959,0.895306859205844,0.909747292418844,0.93321299638996,0.953068592057829,0.963898916967568,0.958483754512683,0.944043321299683,0.925992779783422,0.911552346570421,0.902527075812291,0.893501805054175,0.880866425992798,0.862815884476552,0.826714801444059,0.768953068592088,0.693140794223856,0.610108303249132,0.528880866426016,0.45667870036103,0.391696750902537,0.335740072202174,0.279783393501797,0.229241877256319,0.17509025270758,0.119133574007217,0.0685920577617242,0.0361010830324928,0.0162454873646233,0.00722021660649249,0,0,0,0.00180505415162312,0.00541516245486937,0.0126353790613619,0.0306859205776083,0.0577617328519855,0.0902527075812169,0.122743682310463,0.167870036101072,0.223826714801434,0.292418772563174,0.361010830324913,0.429602888086653,0.487364620938638,0.53429602888087,0.572202166064986,0.601083032490986,0.629963898916971,0.662454873646203,0.696750902527072,0.725631768953073,0.745487364620927,0.76173285198555,0.770758122743681,0.78158844765342,0.790613718411535,0.805054151624551,0.817689530685913,0.83032490974729,0.832129963898928,0.823104693140797,0.806859205776174,0.783393501805073,0.75270758122745,0.709386281588449,0.664259927797841,0.611913357400725,0.56317689530687,0.509025270758131,0.454873646209392,0.397111913357421,0.342960288808682,0.296028880866435,0.250902527075827,0.212996389891711,0.178700361010841,0.149819494584856,0.12635379061374,0.11191335740074,0.11191335740074,0.124548736462117,0.148014440433218,0.180505415162464,0.22382671480145,0.272563176895304,0.33032490974729,0.389891696750898,0.456678700361015,0.532490974729247,0.608303249097479,0.682310469314072,0.741877256317681,0.790613718411535,0.832129963898898,0.871841155234652,0.904332129963883,0.927797833934999,0.942238267147999,0.954873646209376,0.960288808664261,0.954873646209376,0.944043321299638,0.927797833935014,0.909747292418768,0.893501805054145,0.875451263537898,0.851985559566782,0.817689530685913,0.777978339350174,0.731046931407927,0.675090252707564,0.613718411552333,0.550541516245478,0.487364620938608,0.422382671480115,0.361010830324898,0.301444043321274,0.243682310469304,0.187725631768926,0.137184115523448,0.0938628158844479,0.0613718411552165,0.041516245487347,0.0324909747292162,0.0306859205775931,0.0324909747292162,0.0451263537905932,0.0631768953068397,0.0866425992779555,0.117328519855579,0.158844765342941,0.216606498194927,0.283393501805028,0.355595667870013,0.427797833934999,0.501805054151593,0.579422382671463,0.66064981949458,0.734657039711173,0.797833935018028,0.850180505415159,0.893501805054145,0.929602888086637,0.956678700361015,0.974729241877261,0.985559566787,0.992779783393492,0.998194945848377,1,0.996389891696754,0.990974729241884,0.983754512635392,0.978339350180507,0.969314079422377,0.95126353790613,0.918772563176899,0.875451263537898
2023-11-27 09:45:00,"e44",44,1,0.925789860396764,0.954445260837612,0.977222630418803,0.991917707567965,1,1,0.992652461425416,0.976487876561346,0.952240999265235,0.920646583394552,0.886113152094034,0.849375459221145,0.809698750918421,0.769287288758252,0.728875826598077,0.691403379867731,0.656869948567219,0.62527553269653,0.598089639970596,0.5753122703894,0.556943423952958,0.541513592946345,0.527553269654647,0.515062454077863,0.50624540778837,0.49963262307125,0.495958853783964,0.491550330639221,0.485672299779551,0.479794268919888,0.471711976487853,0.461425422483446,0.447465099191748,0.430565760470221,0.413666421748693,0.396032329169703,0.377663482733261,0.358559882439363,0.343864805290207,0.335782512858178,0.337252020573093,0.343864805290207,0.356355620866991,0.373254959588518,0.395297575312252,0.421748714180735,0.447465099191754,0.473181484202779,0.495224099926507,0.515062454077863,0.529022777369561,0.53857457751651,0.541513592946339,0.540778839088876,0.537839823659047,0.534900808229218,0.530492285084475,0.524614254224812,0.518001469507691,0.509919177075662,0.501102130786164,0.490815576781758,0.481998530492265,0.474650991917681,0.468038207200567,0.461425422483446,0.45113886847904,0.438648052902256,0.420279206465814,0.399706098456995,0.378398236590719,0.360029390154277,0.346069066862578,0.334313005143251,0.321822189566467,0.306392358559854,0.289493019838327,0.271858927259343,0.255694342395267,0.239529757531191,0.228508449669321,0.221895664952206,0.221160911094743,0.225569434239486,0.232916972814064,0.244673034533391,0.260837619397461,0.284349742836109,0.315944158706798,0.352681851579687,0.393093313739862,0.436443791329872,0.484202792064625,0.533431300514292,0.578986039676667,0.615723732549556,0.645113886847867,0.667891256429064,0.686260102865506,0.69875091844229,0.704628949301954,0.704628949301954,0.698016164584833,0.686260102865512,0.667156502571607,0.643644379132965,0.61792799412194,0.595885378398213,0.576047024246857,0.557678177810415,0.535635562086682,0.511388684790577,0.484937545922094,0.459221160911069,0.434239529757513,0.40925789860395,0.383541513592931,0.356355620866991,0.328434974283594,0.298310066127832,0.267450404114606,0.238060249816295,0.212343864805275,0.190301249081542,0.171197648787637,0.15429831006611,0.141072740631875,0.130786186627468,0.125642909625262,0.124908155767799,0.129316678912542,0.136664217487126,0.148420279206446,0.162380602498145,0.180749448934586,0.200587803085948,0.221895664952231,0.243938280675958,0.265246142542241,0.288023512123432,0.313005143276994,0.341660543717842,0.371785451873604,0.398971344599544,0.421013960323271,0.437178545187347,0.445260837619382,0.447465099191754,0.443791329904468,0.437913299044798,0.432035268185135,0.427626745040392,0.425422483468014,0.421013960323271,0.412196914033779,0.398971344599544,0.384276267450388,0.371050698016153,0.360764144011747,0.349742836149877,0.33798677443055,0.322556943423937,0.304188096987495,0.279206465833939,0.245407788390885,0.205731080088161,0.165319617927992,0.131520940484938,0.102130786186626,0.0734753857457722,0.0440852314474608,0.0183688464364415,0,0.00955180014694933,0.0462894930198385,0.107274063188827,0.171932402645107,0.240999265246142,0.317413666421743,0.400440852314471,0.490815576781776
2023-11-29 10:15:00,"e45",45,2,0.252815533980578,0.278834951456305,0.276893203883491,0.275728155339799,0.274174757281548,0.271844660194171,0.269126213592228,0.266019417475723,0.261359223300966,0.254368932038829,0.244660194174753,0.233786407766988,0.22291262135922,0.212427184466017,0.200776699029124,0.187184466019416,0.172038834951457,0.15533980582524,0.137475728155338,0.118834951456311,0.102135922330094,0.087378640776695,0.0765048543689301,0.0667961165048536,0.0586407766990283,0.0497087378640774,0.0407766990291265,0.0326213592233012,0.0260194174757271,0.021359223300967,0.0174757281553357,0.0147572815533929,0.0112621359223277,0.0081553398058253,0.00466019417475685,0.00233009708738006,0.000388349514562798,0,0.00194174757281399,0.00582524271844851,0.0116504854368905,0.0186407766990274,0.0283495145631039,0.0403883495145604,0.0551456310679599,0.0699029126213593,0.0831067961165042,0.0955339805825203,0.107184466019414,0.119223300970871,0.130097087378639,0.140970873786407,0.150679611650483,0.159999999999997,0.168543689320388,0.175533980582522,0.179805825242716,0.181359223300967,0.180970873786401,0.177864077669896,0.173203883495139,0.166990291262127,0.159999999999994,0.151456310679602,0.141359223300963,0.130485436893195,0.11728155339805,0.102524271844651,0.0873786407766917,0.073786407766984,0.0625242718446497,0.053203883495136,0.0454368932038735,0.0388349514562994,0.0326213592232914,0.0267961165048429,0.0225242718446488,0.0198058252427092,0.0190291262135837,0.0205825242718348,0.0252427184465917,0.0341747572815426,0.0454368932038735,0.0590291262135846,0.0741747572815435,0.0897087378640685,0.120388349514552,0.166990291262127,0.229902912621353,0.293592233009704,0.356893203883493,0.420582524271844,0.483106796116504,0.543300970873783,0.60077669902912,0.656310679611646,0.709902912621358,0.7631067961165,0.80155339805825,0.824077669902912,0.829514563106794,0.833398058252426,0.83728155339806,0.839611650485437,0.84,0.837669902912623,0.833398058252432,0.826407766990295,0.816699029126219,0.804271844660203,0.78912621359224,0.772427184466027,0.754563106796125,0.735533980582532,0.714563106796124,0.692427184466025,0.670291262135926,0.64854368932039,0.628349514563108,0.61009708737864,0.59533980582524,0.583300970873784,0.575145631067959,0.570097087378639,0.568155339805825,0.568932038834951,0.572815533980582,0.580582524271841,0.591067961165043,0.606213592233005,0.62446601941747,0.646601941747569,0.669514563106794,0.69398058252427,0.71766990291262,0.74135922330097,0.764660194174758,0.787961165048542,0.811262135922326,0.833786407766988,0.856310679611647,0.876504854368929,0.895145631067956,0.911456310679607,0.926213592233006,0.938640776699026,0.949514563106794,0.959611650485433,0.968543689320384,0.975922330097084,0.982524271844658,0.987961165048543,0.9926213592233,0.996504854368932,0.999223300970874,1,1,0.999611650485434,0.99766990291262,0.992233009708734,0.983300970873783,0.972038834951452,0.956893203883493,0.938640776699026,0.918058252427181,0.896310679611648,0.873786407766989,0.852038834951453,0.833009708737863,0.817475728155338,0.805825242718444,0.79883495145631,0.797669902912619,0.80155339805825,0.810485436893201,0.823689320388346,0.840388349514562,0.860582524271844,0.883495145631069,0.909126213592237,0.935145631067964
2023-11-30 10:30:00,"e46",46,1,0.531129900076868,0.607225211375873,0.651806302843972,0.662567255956966,0.670253651037673,0.677940046118381,0.682551883166802,0.683320522674878,0.678708685626457,0.67025365103768,0.656418139892412,0.637202152190646,0.612605687932383,0.58262874711763,0.549577248270583,0.514219830899333,0.476556495003872,0.435049961568047,0.391237509608012,0.347425057647978,0.30438124519602,0.264411990776342,0.228285933897015,0.199077632590325,0.175249807840132,0.159108378170647,0.149116064565729,0.145272867025372,0.146810146041513,0.154496541122227,0.169869331283635,0.190622598001541,0.220599538816294,0.256725595695621,0.30053804765565,0.345887778631825,0.39431206764028,0.441199077632595,0.48808608762491,0.534204458109149,0.580322828593387,0.626441199077632,0.671022290545731,0.715603382013829,0.755572636433513,0.792467332820904,0.824750192159874,0.853958493466564,0.87855495772482,0.900076863950802,0.920061491160645,0.93774019984627,0.952344350499615,0.96541122213682,0.976172175249807,0.985395849346655,0.993082244427369,0.99846272098386,1,1,0.99923136049193,0.995388162951573,0.984627209838585,0.96694850115296,0.944657955418901,0.914681014604147,0.87855495772482,0.837817063797079,0.794773251345114,0.750192159877016,0.707148347425058,0.66948501152959,0.63873943120676,0.615680245964638,0.60184473481937,0.599538816295153,0.607225211375867,0.624903920061492,0.651037663335889,0.684089162182935,0.724058416602613,0.769408147578788,0.82013835511146,0.871637202152196,0.899308224442745,0.894696387394325,0.858570330514998,0.813989239046899,0.769408147578801,0.723289777094556,0.6748654880861,0.622598001537295,0.566487317448125,0.507302075326682,0.443504996156818,0.375864719446597,0.326671790930066,0.308224442736364,0.315910837817078,0.327440430438142,0.332052267486563,0.332820906994633,0.332052267486563,0.328209069946206,0.322828593389709,0.316679477325141,0.310530361260574,0.30130668716372,0.289008455034592,0.27056110684089,0.250576479631054,0.228285933896995,0.205226748654879,0.182936202920833,0.155265180630284,0.129131437355881,0.100691775557268,0.0714834742505778,0.042275172943888,0.0192159877017655,0.00538047655649719,0,0.00230591852421678,0.0138355111452683,0.034588777863174,0.0637970791698639,0.103766333589548,0.14604150653343,0.189853958493464,0.232129131437352,0.27517294388931,0.315910837817058,0.355111452728666,0.395849346656407,0.435818601076091,0.473481936971552,0.508070714834739,0.54035357417371,0.570330514988463,0.597232897770942,0.620292083013058,0.6402767102229,0.656418139892386,0.671022290545731,0.683320522674859,0.694850115295923,0.705611068408918,0.712528823981548,0.714066102997689,0.710222905457338,0.705611068408918,0.705611068408918,0.710222905457338,0.714066102997689,0.717909300538046,0.720983858570326,0.723289777094543,0.719446579554186,0.712528823981548,0.703305149884701,0.688700999231356,0.665641813989233,0.63412759415834,0.598001537279013,0.558800922367411,0.524212144504224,0.492697924673331,0.465795541890851,0.441199077632595,0.420445810914689,0.401998462720987,0.386625672559579,0.376633358954661,0.373558800922381,0.376633358954661,0.382782475019228,0.392006149116083,0.400461183704854,0.407378939277491,0.411222136817848,0.399692544196784
2024-02-21 13:30:00,"e47",47,2,0.443676572218352,0.414651002073225,0.377332411886629,0.335867311679309,0.29440221147199,0.252937111264664,0.210780926053884,0.167933655839655,0.126468555632335,0.0877677954388289,0.0525224602626087,0.0241879751209369,0.0062197650310994,0,0.00414651002072905,0.0138217000691027,0.0262612301313014,0.0400829302004041,0.0573600552867868,0.0787836903939043,0.103662750518302,0.132688320663429,0.163787145818926,0.194194885970962,0.217691776088444,0.234277816171372,0.246717346233571,0.258465791292315,0.270905321354508,0.280580511402881,0.287491361437441,0.29163787145817,0.295784381478899,0.297857636489264,0.298548721492724,0.299930891499634,0.306841741534188,0.319972356599842,0.336558396682776,0.354526606772619,0.371112646855547,0.389771941948839,0.406357982031773,0.421561852107797,0.43469246717345,0.448514167242553,0.461644782308207,0.468555632342761,0.466482377332397,0.456807187284017,0.441603317207999,0.421561852107785,0.399447131997219,0.374568071872821,0.351071181755339,0.326883206634402,0.297857636489275,0.263303386316498,0.225293711126459,0.192812715964052,0.168624740843115,0.154803040774007,0.149274360746362,0.150656530753272,0.154111955770552,0.161022805805106,0.16931582584657,0.180373185901859,0.195577055977877,0.217000691085001,0.243953006219757,0.270905321354513,0.295784381478911,0.315825846579125,0.333102971665507,0.349689011748435,0.371112646855559,0.400138217000685,0.436074637180366,0.449896337249469,0.445240672885273,0.436438498500338,0.447677789215609,0.473939019346917,0.497435909464399,0.519550629574965,0.537518839664809,0.550649454730462,0.558942474771926,0.560324644778836,0.557560304765017,0.57414634484795,0.607136494353823,0.636671218842422,0.640635798203168,0.623358673116785,0.604008293020038,0.581202487906005,0.556323427781607,0.530753282653761,0.499654457498264,0.464409122322044,0.422944022114718,0.382861091914308,0.342778161713898,0.306841741534212,0.273669661368356,0.24533517622669,0.219765031098843,0.196268140981361,0.176226675881153,0.15825846579131,0.146510020732566,0.139599170698012,0.141672425708376,0.147892190739476,0.15825846579131,0.171389080856964,0.190739460953717,0.217000691085024,0.25017277125088,0.28887353144438,0.32895646164479,0.370421561852115,0.41465100207326,0.460953697304769,0.50656530753283,0.55010366275052,0.595024187975119,0.63925362819627,0.67795438838977,0.709053213545267,0.733932273669665,0.755355908776782,0.776088458880445,0.796821008984102,0.816171389080855,0.833448514167238,0.849343469246711,0.863165169315813,0.872149274360732,0.874913614374551,0.873531444367642,0.869384934346913,0.861782999308904,0.85072563925362,0.834830684174147,0.814098134070485,0.787145818935728,0.754664823773322,0.718037318590192,0.683483068417426,0.6544574982723,0.635107118175547,0.621285418106432,0.60746371803733,0.590877677954396,0.56876295784383,0.545957152729797,0.527988942639959,0.52176917760886,0.527988942639959,0.539737387698703,0.548030407740167,0.548030407740167,0.537664132688333,0.524533517622679,0.517622667588125,0.523151347615769,0.543192812715977,0.573600552868013,0.6095369730477,0.643400138217011,0.676572218382866,0.711126468555643,0.753282653766424,0.799585348997933,0.851416724257087,0.90463026952315,0.9550794747754,1
2024-04-17 10:00:00,"e48",48,1,0.993574297188753,0.999196787148588,1,0.99678714859438,0.994377510040158,0.99518072289157,0.99518072289157,0.99678714859438,0.99518072289157,0.994377510040158,0.991164658634538,0.989558232931729,0.988755020080323,0.991967871485943,0.995180722891563,0.998393574297183,0.998393574297183,0.996787148594373,0.995180722891563,0.98875502008031,0.976706827309222,0.955823293172679,0.929317269076287,0.897188755020061,0.860240963855405,0.816867469879502,0.775100401606409,0.736546184738943,0.702811244979907,0.668273092369459,0.634538152610422,0.607228915662633,0.58955823293171,0.580722891566248,0.577510040160628,0.57831325301204,0.582329317269065,0.591164658634526,0.599999999999988,0.606425702811234,0.608032128514044,0.608835341365456,0.609638554216861,0.611244979919671,0.613654618473893,0.616867469879513,0.619277108433734,0.619277108433734,0.613654618473893,0.603212851405621,0.591164658634533,0.583132530120476,0.579919678714857,0.577510040160635,0.571084337349395,0.559036144578307,0.542168674698789,0.522891566265056,0.502811244979917,0.481124497991969,0.462650602409641,0.448192771084338,0.436947791164662,0.424096385542175,0.407228915662657,0.387951807228917,0.366265060240969,0.340562248995989,0.311646586345383,0.281927710843378,0.253012048192772,0.225702811244982,0.196787148594376,0.165461847389561,0.131726907630525,0.0971887550200771,0.0650602409638508,0.0377510040160679,0.0176706827309299,0.00803212851405658,0.00481927710843665,0.00401606425703167,0.00160642570280996,0,0.00160642570280996,0.00642570281123985,0.0136546184738914,0.0224899598393462,0.0313253012048078,0.0401606425702694,0.0522088353413576,0.0650602409638441,0.0811244979919505,0.0979919678714686,0.118875502008018,0.141365461847378,0.164658634538143,0.189558232931718,0.216064257028109,0.245783132530114,0.279864452839298,0.316736091558822,0.352804517426941,0.385313711339284,0.413426161138486,0.439128972383459,0.46242214507423,0.483305679210773,0.501779574793101,0.517843831821214,0.533104875997923,0.547562707323219,0.560870945246969,0.569782439057563,0.571465017205512,0.567871485943768,0.560642570281117,0.553413654618472,0.543775100401598,0.533333333333334,0.521285140562246,0.507630522088347,0.491566265060234,0.471485943775096,0.449799196787148,0.430522088353415,0.417670682730922,0.412048192771087,0.413654618473897,0.419277108433732,0.428112449799193,0.438554216867465,0.449799196787141,0.462650602409628,0.476305220883526,0.489959839357424,0.501204819277107,0.507630522088354,0.512449799196784,0.516465863453816,0.518875502008031,0.519678714859442,0.522088353413664,0.527710843373499,0.538955823293182,0.551807228915669,0.566265060240965,0.579919678714863,0.594377510040166,0.608835341365463,0.620883534136551,0.630522088353418,0.640160642570291,0.649799196787158,0.656224899598404,0.658634538152626,0.656224899598404,0.651405622489967,0.643373493975911,0.635341365461848,0.624899598393583,0.612851405622495,0.599196787148596,0.584738955823293,0.571084337349395,0.558232931726908,0.547791164658637,0.54136546184739,0.538955823293169,0.53975903614458,0.53975903614458,0.53815261044177,0.53654618473896,0.53975903614458,0.545381526104422,0.551807228915669,0.55261044176708,0.54939759036146,0.543775100401619,0.535742971887562,0.525301204819291
2024-05-23 10:15:00,"e49",49,3,1,0.993035949557688,0.985883681535854,0.977978543195933,0.970073404856012,0.961791831357048,0.953886693017127,0.945981554677206,0.938452851496328,0.931488801054018,0.924901185770751,0.919066440805569,0.913043478260869,0.906455862977601,0.899115377376245,0.89177489177489,0.88405797101449,0.875776397515526,0.866177300959907,0.855448898927158,0.84396762657632,0.831921701486917,0.820440429136079,0.808959156785241,0.79823075475249,0.788255223037828,0.77865612648221,0.769057029926593,0.759081498211929,0.749858836815356,0.741765480895913,0.734989648033123,0.728025597590812,0.720685111989457,0.712968191229058,0.705627705627702,0.698663655185391,0.691134952004514,0.683606248823637,0.675701110483716,0.66836062488236,0.660455486542439,0.652926783361562,0.645021645021641,0.637681159420287,0.629776021080366,0.621494447581401,0.612836438923393,0.603425559947296,0.594391116130245,0.585356672313192,0.57745153397327,0.568981742894784,0.56070016939582,0.552042160737812,0.543760587238847,0.536420101637493,0.530585356672313,0.526068134763787,0.521550912855262,0.517786561264823,0.513833992094862,0.510257858083946,0.506117071334463,0.502729154903068,0.499341238471675,0.495012234142671,0.490306794654621,0.484660267268963,0.478825522303782,0.472237907020515,0.466026726896292,0.459627329192545,0.4532279314888,0.446452098626011,0.439676265763221,0.43271221532091,0.426501035196687,0.421419160549594,0.417466591379634,0.413514022209673,0.409373235460191,0.405044231131187,0.400150574063616,0.394880481837003,0.389045736871821,0.383775644645209,0.379258422736681,0.375682288725764,0.371729719555804,0.367024280067756,0.361001317523055,0.354978354978355,0.349143610013175,0.34387351778656,0.339356295878034,0.33502729154903,0.330886504799548,0.325992847731979,0.320158102766799,0.313194052324488,0.305853566723133,0.298701298701299,0.292113683418032,0.286278938452852,0.281385281385281,0.277244494635799,0.273668360624882,0.271033314511576,0.269339356295878,0.268210050818746,0.267833615659702,0.26764539808018,0.26764539808018,0.267080745341615,0.26651609260305,0.265575004705439,0.264069264069264,0.261434217955957,0.257669866365518,0.252587991718426,0.246753246753247,0.241106719367589,0.235836627140975,0.231507622811971,0.227743271221532,0.225296442687747,0.223037831733484,0.220591003199698,0.217014869188781,0.213062300018821,0.208921513269339,0.2051571616789,0.201392810088461,0.197063805759457,0.191605495953322,0.185206098249576,0.178242047807265,0.170713344626388,0.163561076604555,0.157161678900809,0.152268021833239,0.148127235083757,0.144739318652362,0.141163184641445,0.137398833051006,0.133822699040089,0.130623000188216,0.127799736495386,0.124788255223036,0.121964991530208,0.118200639939769,0.113495200451722,0.107660455486542,0.101261057782797,0.0942970073404846,0.0877093920572177,0.0820628646715596,0.0767927724449467,0.0718991153773758,0.0673818934688484,0.0636175418784097,0.0596649727084492,0.0555241859589669,0.0517598343685282,0.0483719179371331,0.045360436664783,0.0425371729719548,0.039713909279125,0.036702428006775,0.0333145115753814,0.0297383775644645,0.0255975908149822,0.0216450216450218,0.0180688876341048,0.0154338415207968,0.0126105778279685,0.00978731413514031,0.00658761528326694,0.00319969885187337,0
2024-07-16 10:00:00,"e50",50,2,0.0584415584415588,0.0844155844156153,0.100649350649366,0.110389610389644,0.120129870129923,0.120129870129923,0.120129870129923,0.123376623376673,0.129870129870173,0.136363636363674,0.139610389610451,0.142857142857229,0.146103896103979,0.152597402597479,0.172077922077981,0.211038961039038,0.256493506493569,0.305194805194877,0.344155844155907,0.379870129870187,0.412337662337717,0.448051948051996,0.477272727272776,0.500000000000027,0.509740259740305,0.516233766233806,0.506493506493528,0.483766233766276,0.454545454545497,0.425324675324717,0.405844155844216,0.392857142857215,0.386363636363715,0.376623376623464,0.363636363636463,0.337662337662407,0.314935064935155,0.288961038961098,0.279220779220848,0.27597402597407,0.27597402597407,0.279220779220848,0.279220779220848,0.285714285714348,0.292207792207849,0.301948051948099,0.3149350649351,0.34415584415588,0.38311688311691,0.422077922077967,0.441558441558469,0.441558441558469,0.42532467532469,0.396103896103911,0.366883116883159,0.34415584415588,0.34415584415588,0.35064935064938,0.357142857142881,0.353896103896103,0.350649350649353,0.347402597402575,0.350649350649353,0.360389610389603,0.389610389610383,0.428571428571413,0.477272727272721,0.509740259740278,0.516233766233778,0.509740259740278,0.5,0.4935064935065,0.477272727272721,0.46753246753247,0.457792207792192,0.454545454545415,0.444805194805164,0.435064935064886,0.405844155844107,0.366883116883077,0.311688311688268,0.249999999999959,0.191558441558428,0.139610389610369,0.103896103896117,0.0714285714285597,0.0487012987013081,0.0259740259740292,0.00974025974025068,0,0.00324675324675023,0.0194805194805287,0.0649350649350593,0.129870129870119,0.19480519480515,0.243506493506459,0.282467532467489,0.308441558441545,0.327922077922046,0.331168831168797,0.334415584415574,0.324675324675296,0.318181818181796,0.305194805194795,0.285714285714294,0.262987012987042,0.250000000000041,0.253246753246791,0.259740259740292,0.26948051948057,0.282467532467571,0.3084415584416,0.334415584415656,0.370129870129909,0.405844155844189,0.451298701298719,0.500000000000027,0.555194805194836,0.600649350649394,0.636363636363646,0.655844155844148,0.675324675324649,0.685064935064927,0.694805194805205,0.694805194805205,0.691558441558427,0.68831168831165,0.6850649350649,0.681818181818122,0.668831168831121,0.65584415584412,0.642857142857119,0.642857142857119,0.646103896103897,0.662337662337648,0.672077922077926,0.678571428571427,0.668831168831149,0.646103896103897,0.616883116883118,0.594155844155839,0.587662337662338,0.597402597402616,0.616883116883118,0.639610389610397,0.662337662337648,0.68181818181815,0.714285714285706,0.759740259740237,0.814935064935046,0.870129870129854,0.925324675324663,0.970779220779193,0.99675324675325,1,0.9935064935065,0.974025974025998,0.948051948051969,0.91883116883119,0.889610389610438,0.876623376623437,0.879870129870187,0.899350649350688,0.909090909090966,0.899350649350688,0.879870129870187,0.850649350649435,0.818181818181878,0.788961038961126,0.769480519480624,0.753246753246846,0.727272727272817,0.681818181818259,0.62662337662345,0.568181818181919,0.519480519480611,0.483766233766331,0.457792207792302,0.448051948052024,0.444805194805273,0.438311688311773
2024-07-17 13:15:00,"e51",51,3,0.850498338870422,0.85315614617939,0.858471760797332,0.863787375415273,0.871096345514941,0.878405315614608,0.887707641196002,0.897674418604643,0.908970099667768,0.918272425249162,0.925581395348829,0.929568106312281,0.933554817275733,0.935548172757465,0.937541528239191,0.937541528239191,0.936877076411949,0.936212624584701,0.935548172757454,0.934883720930212,0.932225913621244,0.929568106312276,0.926910299003308,0.926910299003308,0.92757475083055,0.930897009966765,0.932890365448497,0.934219269102981,0.932225913621249,0.92757475083055,0.921594684385372,0.916943521594672,0.915614617940188,0.91760797342192,0.921594684385372,0.926245847176066,0.930897009966765,0.934883720930217,0.941528239202643,0.950830564784042,0.962126245847167,0.973421926910292,0.984717607973417,0.994019933554811,0.999335548172752,1,0.998671096345516,0.994684385382064,0.989368770764122,0.983388704318939,0.977408637873755,0.974750830564787,0.975415282392029,0.979401993355481,0.981395348837207,0.979401993355481,0.975415282392029,0.969435215946846,0.96279069767442,0.956810631229237,0.952823920265785,0.949501661129569,0.944186046511628,0.934883720930234,0.923588039867109,0.911627906976742,0.9016611295681,0.894352159468439,0.889036544850491,0.887043189368765,0.886378737541518,0.885049833887034,0.867774086378725,0.834551495016597,0.788704318936866,0.741528239202645,0.695016611295666,0.647840531561451,0.603322259136203,0.559468438538192,0.517607973421913,0.477740863787365,0.441860465116269,0.409302325581383,0.391362126245838,0.387375415282386,0.395348837209296,0.403986710963448,0.411960132890357,0.419933554817272,0.42591362126245,0.429900332225902,0.431229235880386,0.428571428571418,0.421926910298993,0.414617940199325,0.408637873754147,0.403986710963448,0.40132890365448,0.400664451827232,0.40132890365448,0.400664451827232,0.399335548172748,0.399335548172748,0.398671096345506,0.396677740863774,0.392026578073075,0.384717607973413,0.375415282392014,0.364784053156136,0.352823920265775,0.340199335548165,0.327574750830556,0.318272425249157,0.308970099667764,0.29966777408637,0.291029900332218,0.285049833887035,0.281727574750825,0.280398671096341,0.282392026578067,0.287707641196014,0.293687707641192,0.295016611295676,0.289700996677735,0.279069767441857,0.270431893687705,0.264451827242522,0.261129568106312,0.257807308970096,0.254485049833881,0.252491694352155,0.251162790697671,0.251827242524913,0.253820598006644,0.259800664451828,0.269767441860469,0.28305647840532,0.293023255813961,0.299667774086392,0.304318936877086,0.31029900332227,0.31827242524918,0.325581395348847,0.330232558139547,0.330232558139547,0.326910299003331,0.32159468438539,0.316279069767442,0.30897009966778,0.302990033222597,0.296345514950171,0.28970099667774,0.281063122923594,0.269767441860469,0.256478405315618,0.242524916943525,0.228571428571432,0.215282392026586,0.200664451827245,0.184717607973426,0.169435215946849,0.154817275747508,0.140863787375415,0.124252491694354,0.106312292358809,0.0890365448505003,0.0730897009966812,0.0578073089701041,0.0418604651162794,0.0279069767441863,0.0186046511627927,0.0132890365448567,0.00930232558140475,0.00398671096345758,0.000664451827247593,0,0.00332225913621558,0.00863787375415715,0.0146179401993407,0.0199335548172823
2024-08-19 09:45:00,"e52",52,1,0.489999999999957,0.505999999999962,0.531999999999958,0.561999999999969,0.591999999999979,0.623999999999971,0.65999999999996,0.703999999999977,0.745999999999978,0.787999999999979,0.827999999999965,0.875999999999978,0.921999999999976,0.961999999999996,0.985999999999994,0.996000000000003,1,0.996000000000003,0.992000000000006,0.981999999999997,0.978,0.967999999999991,0.954000000000002,0.919999999999995,0.873999999999997,0.815999999999974,0.753999999999972,0.697999999999965,0.645999999999971,0.599999999999973,0.55199999999996,0.505999999999962,0.455999999999967,0.409999999999969,0.369999999999983,0.345999999999968,0.335999999999975,0.341999999999971,0.359999999999974,0.379999999999975,0.393999999999981,0.409999999999969,0.425999999999956,0.441999999999944,0.449999999999938,0.453999999999935,0.453999999999935,0.451999999999919,0.449999999999921,0.447999999999906,0.449999999999921,0.46399999999991,0.491999999999922,0.519999999999917,0.553999999999924,0.59399999999991,0.649999999999917,0.705999999999925,0.765999999999912,0.821999999999919,0.869999999999932,0.90399999999994,0.921999999999926,0.927999999999938,0.921999999999926,0.917999999999929,0.907999999999937,0.889999999999934,0.861999999999938,0.833999999999926,0.795999999999922,0.743999999999929,0.675999999999931,0.609999999999932,0.547999999999912,0.49399999999992,0.443999999999925,0.39399999999993,0.347999999999932,0.307999999999947,0.267999999999961,0.227999999999958,0.189999999999954,0.169999999999952,0.16399999999994,0.16399999999994,0.169999999999952,0.173999999999949,0.183999999999959,0.193999999999951,0.201999999999945,0.205999999999941,0.201999999999945,0.191999999999952,0.177999999999946,0.157999999999945,0.143999999999939,0.13399999999993,0.127999999999934,0.119999999999941,0.111999999999947,0.105999999999935,0.105999999999935,0.10799999999995,0.129999999999933,0.165999999999939,0.219999999999931,0.273999999999922,0.323999999999917,0.3679999999999,0.403999999999889,0.441999999999893,0.471999999999904,0.491999999999922,0.497999999999917,0.49399999999992,0.477999999999933,0.453999999999935,0.417999999999946,0.38199999999994,0.343999999999936,0.30399999999995,0.263999999999964,0.217999999999966,0.18199999999996,0.153999999999965,0.131999999999965,0.111999999999964,0.0879999999999655,0.0659999999999657,0.0479999999999628,0.0359999999999721,0.0299999999999768,0.0319999999999752,0.0419999999999843,0.0599999999999872,0.0719999999999779,0.0819999999999702,0.099999999999973,0.129999999999983,0.167999999999988,0.203999999999977,0.237999999999984,0.265999999999996,0.291999999999976,0.311999999999994,0.325999999999983,0.333999999999977,0.347999999999983,0.367999999999984,0.385999999999987,0.393999999999981,0.395999999999996,0.393999999999981,0.389999999999984,0.389999999999984,0.393999999999981,0.405999999999972,0.417999999999962,0.431999999999968,0.439999999999962,0.441999999999961,0.435999999999965,0.423999999999975,0.405999999999972,0.387999999999969,0.37399999999998,0.355999999999977,0.331999999999979,0.301999999999985,0.275999999999988,0.250000000000008,0.218,0.182000000000011,0.150000000000019,0.124000000000022,0.10400000000002,0.0800000000000054,0.0520000000000102,0.0240000000000151,0
